Area,Perimeter,MajorAxisLength,MinorAxisLength,AspectRation,Eccentricity,ConvexArea,EquivDiameter,Extent,Solidity,roundness,Compactness,ShapeFactor1,ShapeFactor2,ShapeFactor3,ShapeFactor4,class
126845.75,1442.78792,513.942368,180.00012,1.8614157,0.5973266,151839.94588,153.2132,0.90047093,0.99368333,0.826278,0.71809192,0.005696503,0.0011793028,0.704785,1.00247625,CALI
79154.51,1418.96122,316.198058,162.4658,2.2254756,0.5731032,128322.28191,332.66734,0.85615984,0.97582562,0.8334511,0.70843313,0.0039342414,0.0024253389,0.6319886,0.99095826,CALI
133026.42,759.28607,376.186399,316.96316,0.937467,0.7767319,120212.88023,374.54908,0.68515921,0.99675186,0.6807785,0.72409313,0.0037942589,0.0025997339,0.9000107,1.0041297,CALI
137791.75,1396.40373,531.82801,297.83309,1.259987,0.4830677,36151.54349,311.99922,0.89105933,0.98837408,0.7444362,0.72684021,0.0037044794,0.0012092348,0.5532229,1.0101088,CALI
10157.29,1429.8837,421.227495,327.22446,1.7969287,1.0477074,70462.69433,386.04927,0.69174339,0.98632849,0.849002,1.04086038,0.0046663097,0.000811356,0.8571615,1.00820176,CALI
144664.14,911.71059,485.292381,334.39494,0.9177213,1.0786282,145685.94598,270.19662,0.76618083,0.9731269,0.7253817,1.03068443,0.0092105302,0.0029292857,0.4870798,0.99048556,CALI
57403.18,1393.95732,168.434699,251.03853,2.1152218,0.4711205,144577.91419,93.59997,0.88232334,0.9776295,0.8515509,0.84803437,0.0035212638,0.0021960246,0.6460391,1.00081201,CALI
1838.47,988.91686,91.775246,319.55373,1.1579553,0.4617751,128479.17553,390.94485,0.74990683,0.97292644,0.6656251,0.62476291,0.0033148297,6.46346e-05,0.6229387,0.98029137,CALI
97374.58,1368.39478,501.711707,317.06642,1.398851,0.8234365,114769.70659,219.48904,0.81437986,0.98300952,0.9510376,0.81145101,0.0075564112,0.0009050851,0.8550798,0.98357204,CALI
118046.67,1260.14709,546.069407,333.3372,1.6334987,0.7339408,163090.66999,408.07235,0.69880854,0.98493621,0.6799114,1.03742438,0.0038784268,0.0012534188,0.8897852,0.9980137,CALI
131540.41,1278.65518,450.97172,331.51535,1.6218054,0.9375603,90022.705,260.05254,0.87445983,0.98475848,0.9437661,0.76654034,0.0064104463,0.0013937422,0.7042184,0.98166001,CALI
135859.81,950.83994,341.582451,90.78911,0.9153352,0.8222151,163202.75566,405.29166,0.91824633,0.97720674,0.934501,0.98563368,0.007107634,0.0008714396,0.7480107,0.98534971,CALI
144216.58,1431.16819,473.59393,280.70548,1.2462438,0.7031137,133907.36407,402.04359,0.5970442,0.98614438,0.7659951,0.85716069,0.0084084118,0.0018843548,0.6067992,0.99752174,CALI
95081.05,328.82472,351.765621,235.26958,1.6791027,0.6927033,134912.75337,412.6225,0.75854574,0.98863248,0.7388695,0.94695661,0.0035657814,0.0026728402,0.4756734,0.99003935,CALI
75571.23,1072.59486,508.45127,329.8133,1.1801359,0.6504343,621.33075,408.66864,0.92322671,0.99849432,0.976838,0.88075659,0.008643489,0.0005326898,0.6298541,1.0085764,CALI
130898.95,920.18551,356.42349,330.04121,1.9454713,0.7351511,24238.54715,238.67502,0.64300466,0.98642499,0.8259401,0.76285074,0.0033917486,0.0010656297,0.825878,0.99002594,CALI
31967.57,960.42979,449.652515,320.6826,1.0739892,0.7101167,131338.08913,240.86127,0.80216719,1.00028725,0.9870699,1.00214437,0.0089495204,0.0014217109,0.588442,1.00909786,CALI
79749.44,1257.9859,410.002089,128.93929,1.3265728,0.8162844,113847.09671,290.69176,0.90021379,0.97896802,0.8080954,0.93635033,0.0057135941,0.0011773251,0.460779,0.9934679,DERMASON
15683.15,906.54368,283.366259,142.70326,1.2346287,0.7941078,118780.32728,356.35383,0.7437427,0.99244476,0.7746945,0.9752652,0.0048997418,0.0021459836,0.4326133,0.98515855,DERMASON
124158.2,785.45839,537.129636,255.55031,1.5254361,0.8749451,132370.83923,328.05246,0.78234965,1.00043089,0.8651942,0.70471147,0.0073037575,0.0027205117,0.513297,0.99553952,DERMASON
106124.22,516.60455,470.270944,233.09777,1.1373458,0.6809749,102784.34739,317.74373,0.92061131,0.99355133,0.818369,0.96641469,0.0054130361,0.0013380627,0.4369932,0.988571,DERMASON
120765.51,415.15122,288.658672,260.57133,1.9420219,0.7389366,109224.77953,313.54949,0.64111356,0.98146758,0.8506693,0.7703073,0.0061145758,0.0016088036,0.4737211,1.00525278,DERMASON
10095.4,1366.56803,513.801723,220.6034,2.1976045,0.9881337,87556.32798,293.26037,0.63956196,0.99198252,0.6746671,0.82150053,0.0077995887,0.0016640988,0.5902879,0.99734638,DERMASON
115308.12,1346.17005,372.620815,224.9525,1.6444942,1.0368737,84395.75639,315.6165,0.92242098,0.97507251,0.8292624,0.70166883,0.0081229819,0.0019405045,0.5977808,0.99879667,DERMASON
124436.24,1453.50096,345.848156,268.71948,1.4076111,0.6503864,83639.69977,126.76642,0.6364398,0.98393625,0.9383544,0.6252828,0.0054771155,0.0001924791,0.4988414,0.98800783,DERMASON
1838.47,594.86538,513.993409,324.48163,2.0336075,0.8250335,87947.47529,378.18433,0.77025346,0.99303556,0.7780104,0.77156887,0.0068300949,0.0008775595,0.5022947,1.00135472,DERMASON
131616.14,1190.64513,183.29998,87.8864,2.1513294,1.0442469,77081.59608,294.51559,0.85023041,0.99521582,0.9309847,0.79226221,0.0047421299,0.0013671901,0.8154989,0.99087346,DERMASON
72431.77,1214.21577,454.900357,273.44733,2.0882104,0.5230115,123898.40275,385.61865,0.81319965,0.98659537,0.7791052,1.01413121,0.0081610277,0.001018878,0.5634434,0.99513613,DERMASON
138240.32,1138.46977,315.376127,298.24064,1.2215963,0.9490619,137895.01797,278.53265,0.72790823,0.99367174,1.0179351,0.69267428,0.0087783138,0.0010107541,0.7450971,0.98679034,DERMASON
142343.59,1196.6393,390.426157,280.72,1.5121532,0.5991773,125158.2105,383.7534,0.75611836,0.99975828,0.6952155,0.74649422,0.0065003562,0.0020832225,0.4303502,1.00347366,DERMASON
113617.24,1368.28725,420.241132,306.42866,1.5491577,0.7043197,115057.84915,194.10632,0.80146515,0.99946571,0.894875,0.60210645,0.0058199372,0.0019286601,0.6874294,0.98097666,DERMASON
13109.6,1149.22463,415.481981,301.0542,1.6614798,0.510797,23691.18497,382.88719,0.665842,0.98100455,0.8175004,0.91252788,0.0090854467,0.00110964,0.5018126,0.98224273,DERMASON
90702.18,458.49322,354.756247,298.89503,1.1130764,0.7267423,51049.63379,302.11707,0.68990502,0.98859454,0.7783231,0.8439003,0.0058955352,0.0014092402,0.4390481,0.99527358,DERMASON
137037.22,957.15359,488.927635,285.69954,0.9714176,0.7573152,59265.02932,271.94092,0.6785522,0.99984851,0.9932136,0.75721332,0.0091795252,0.000798465,0.4543516,1.00615865,DERMASON
3575.02,1118.86431,218.751671,286.53232,1.3806433,1.0810726,162044.86421,167.53017,0.88534696,0.97292644,0.6656251,0.64311128,0.0033148297,0.0014267134,0.3929659,0.98545466,HOROZ
113450.24,342.69495,542.113343,150.27787,1.6875091,0.8448686,54172.76772,404.08568,0.73286097,0.9784127,0.9628858,0.64927354,0.003833282,0.0020936807,0.6368889,1.00851207,HOROZ
1838.47,734.60089,91.775246,76.55319,1.8863439,0.8451791,621.33075,91.95491,0.73351496,0.97926297,1.0195633,1.057703,0.0056424154,0.0020084432,0.6078088,0.98029137,HOROZ
9497.32,1023.10479,91.775246,195.15112,0.9000388,0.6508053,80170.814,91.95491,0.59522945,0.98769226,0.6656251,0.92551422,0.0084658083,0.001833064,0.4151386,0.99286769,HOROZ
128334.68,667.18684,114.65336,334.36996,1.0576624,1.0566145,17223.74146,278.55798,0.91575796,0.97671211,0.6832116,0.65959107,0.0051710026,0.0020591778,0.4229511,1.00982665,HOROZ
12702.09,283.47583,91.775246,263.33701,0.9547752,0.889949,621.33075,371.83299,0.59522945,0.97292644,0.8511856,1.0612847,0.0077977617,0.0023876072,0.5175561,1.01042617,HOROZ
102036.28,320.6042,222.535127,224.76472,1.8306617,1.0103103,42727.35988,243.28386,0.76165391,0.98512846,0.6679714,0.7242962,0.0075099848,0.0021367429,0.4895616,0.99907798,HOROZ
6177.12,223.82712,376.080544,170.66482,0.9000388,0.4617751,621.33075,91.95491,0.59522945,0.9904912,0.6656251,0.63528339,0.0054848467,6.46346e-05,0.8899906,0.98029137,HOROZ
124168.68,1151.59344,228.870542,179.16351,1.7719365,0.8858891,147999.85337,94.27694,0.63319802,0.99148508,0.7837253,0.97802423,0.0078280115,0.0007075576,0.656347,1.0047505,HOROZ
32839.83,762.43879,181.485907,156.84648,2.0566925,0.5448092,135356.94739,342.50412,0.85801123,0.98254327,0.9208265,0.88785443,0.0086189108,0.0013948313,0.6895686,0.98936735,HOROZ
38918.7,1349.61287,250.443755,173.38029,1.356093,0.6297002,80759.7985,407.06872,0.60046975,0.99562559,0.9987937,0.77216156,0.0087127696,0.0011303012,0.7788427,0.99466438,HOROZ
1838.47,223.82712,91.775246,76.55319,1.0832837,0.4617751,621.33075,91.95491,0.59522945,0.97292644,0.6656251,0.60210645,0.0069942958,0.0016740573,0.4868887,0.98029137,HOROZ
12783.74,311.05324,461.68292,218.03267,1.0053758,0.5257576,621.33075,91.95491,0.59522945,0.98698123,0.6656251,0.86418767,0.0071302065,0.0021083473,0.6527958,0.99943483,HOROZ
112176.55,527.77293,114.671502,287.71066,1.4188754,1.0712391,36110.0141,189.15666,0.82754739,0.9895991,0.6790787,0.78113026,0.0047783402,0.0026133908,0.5538993,0.99133453,HOROZ
25136.91,577.35532,250.77559,185.93994,0.9354182,0.5319135,99314.83781,97.26083,0.81386975,0.99997578,0.6656251,0.80703032,0.0079450767,0.0010624411,0.3929659,0.99110415,HOROZ
9743.47,223.82712,210.602915,79.09194,1.6687627,0.6642283,621.33075,91.95491,0.82209671,0.97292644,0.6656251,0.60210645,0.0081777812,0.0014771539,0.4816275,0.9865188,HOROZ
77668.62,581.15062,265.728772,83.84505,2.1707405,0.939343,103297.48818,193.79187,0.8294984,0.98197605,0.9119905,1.02782001,0.0089504143,0.0008215918,0.797373,0.98527069,HOROZ
116886.85,1341.44388,481.342265,136.76672,1.131999,0.777556,48088.93615,208.83897,0.73529977,0.97515754,0.8016691,1.01375168,0.0072606991,0.0009957912,0.4339761,0.9959981,SEKER
135133.3,1436.2513,141.688888,308.44697,1.0385939,0.8906201,63742.27462,179.77691,0.61808919,0.99052281,0.6983375,0.63098703,0.0066443124,0.002347075,0.7348652,0.98797663,SEKER
89666.88,1344.50731,294.261265,174.41423,2.1636882,0.9023652,76916.83741,138.33347,0.62168673,0.99630578,0.7373237,0.97762926,0.0072254807,0.002403426,0.913551,0.98723369,SEKER
78806.55,1314.37904,280.136442,95.20827,2.0502673,0.7676014,123800.37288,332.1029,0.6326688,0.99748314,0.9131373,0.94715886,0.0075640763,0.0018040142,0.4223385,0.99281993,SEKER
36577.19,638.47741,462.520665,143.98495,0.904113,1.03516,143812.08796,357.99395,0.81649246,0.98627726,0.8341961,0.73877635,0.0051305217,0.0008609285,0.5163468,0.99603254,SEKER
1838.47,1009.83471,434.506474,146.98138,1.0495307,0.4617751,621.33075,279.97839,0.59522945,0.97292644,0.7585222,0.63984494,0.0079255826,0.0021505201,0.5172185,0.98490038,SEKER
112214.3,628.12313,317.767081,291.98302,1.1194676,0.9074176,126874.13163,154.5634,0.77024376,0.97630479,0.9806955,0.78620287,0.0069083115,0.0014802366,0.4998701,1.00328789,SEKER
103149.45,688.57956,327.106261,300.77662,1.9923526,0.7848749,31601.69754,289.66031,0.80354029,0.9812294,0.8060237,0.72896203,0.0094766941,0.0010583282,0.4362133,0.98202945,SEKER
61430.36,223.82712,453.258948,147.2523,2.1049175,0.4617751,68498.07581,91.95491,0.64633074,0.98927709,0.7517477,0.60210645,0.0050000756,0.0014333465,0.660934,0.98029137,SEKER
35849.26,948.44399,205.533441,207.78492,0.9080535,0.8786787,41189.8665,238.69441,0.6076565,0.99540406,0.8518418,0.7021576,0.0072486481,0.0009653253,0.766513,0.99387102,SEKER
1838.47,879.10207,349.986165,76.55319,2.1029122,0.6067109,621.33075,91.95491,0.70697476,0.97651609,0.6656251,0.69684884,0.0077889017,0.0020488899,0.3929659,0.98029137,SEKER
28329.21,925.31792,395.263961,192.6569,1.9978404,1.0017964,154059.46291,374.67193,0.90737886,1.00154281,0.946137,0.7034166,0.0064799717,0.00184891,0.7088029,0.99226047,SEKER
22859.31,1331.13185,369.615293,122.06899,2.0097022,0.8700755,151482.68619,220.99013,0.61832492,0.99375473,0.968434,0.60259494,0.0048925285,0.0029788019,0.7847,1.00069261,SEKER
18100.14,1007.76276,474.697108,298.14884,1.933581,1.0797316,29594.21939,143.87931,0.63889629,0.99888617,0.6865447,0.77354812,0.0089163327,0.0007809484,0.8819077,0.99953272,SEKER
69924.1,1146.16532,529.199106,118.05591,1.743847,0.4617751,621.33075,142.44071,0.81323182,0.97639531,0.6818907,1.06332474,0.0086981741,0.0008848566,0.4369595,0.98029137,SEKER
80761.13,1326.17062,212.5388,191.40355,2.085151,0.9225267,73289.02702,188.18698,0.77024928,0.98414307,0.872086,0.76260298,0.0091635132,0.0012647859,0.8493319,0.99569832,SEKER
134480.07,809.17238,271.817691,323.7981,1.590704,0.8857231,57545.92201,406.28025,0.61715465,0.98787727,0.8928765,0.9034607,0.0050318589,0.0008713683,0.816585,0.99916718,SIRA
27811.48,779.55284,338.647152,173.62699,1.2545951,0.6354007,58056.88753,223.23527,0.80275639,0.98679597,0.7304282,0.88259863,0.0055046312,0.0022663867,0.5291811,0.98542381,SIRA
93929.52,317.33053,511.119942,84.30006,1.3908369,0.6602554,123864.63576,147.94361,0.87986392,0.98208623,0.6960976,0.9226596,0.0058507255,0.0020363476,0.4252693,1.00197487,SIRA
143953.21,677.39097,452.186616,258.90596,0.9216027,1.0302248,72971.6461,173.73141,0.87724765,0.99358349,0.960958,0.89006066,0.007436102,0.0011324813,0.9043763,1.00797672,SIRA
48014.86,1025.67871,166.607633,188.10914,1.3004523,0.8607806,163678.36529,114.95154,0.73268966,0.99141209,0.8377165,0.92462982,0.0055695561,0.0007480699,0.8381967,1.01072066,SIRA
98530.97,1232.61158,181.760064,230.51888,1.7033917,0.9926275,133266.6661,169.24569,0.85626474,0.97878422,0.9851376,1.03455222,0.0070230564,0.0020916406,0.8030185,1.00290627,SIRA
65633.78,863.59993,168.851122,284.22871,1.5912906,0.5979731,134998.74214,320.20071,0.73135194,0.99972454,0.6838178,0.97521956,0.0061543027,0.0022831687,0.838858,1.00290497,SIRA
1838.47,223.82712,122.9074,76.55319,0.9000388,0.4617751,621.33075,365.80787,0.59522945,0.97292644,0.6656251,0.93963783,0.0033148297,6.46346e-05,0.788316,0.98029137,SIRA
42933.7,454.54985,308.52602,306.78142,1.1196507,0.5015349,31777.25215,230.66799,0.88432697,0.99542711,0.9412889,0.831687,0.0076012479,0.0008772077,0.8681963,0.98124076,SIRA
102690.49,437.93692,420.144864,144.04887,2.0077445,0.6456977,47913.3828,322.0172,0.79871909,0.9912763,0.7325558,1.00578171,0.0049998825,0.0013434077,0.7482084,0.99623171,SIRA
18183.87,545.27244,455.580568,319.0385,1.9710199,0.5101731,12929.73928,297.79708,0.74231698,0.98983652,0.8157716,0.65832092,0.009445078,0.0020095,0.8863367,0.99993064,SIRA
19290.06,1272.5019,268.695682,298.11249,1.5841229,0.6283926,59359.56191,183.41572,0.77167618,0.99275038,0.7413822,1.01757294,0.007058275,0.0014973958,0.4025148,1.00075442,SIRA
91390.92,599.76827,160.030737,286.72823,1.5192257,0.7077772,112164.47472,111.13513,0.81342741,0.97877234,1.0181152,1.03310144,0.0054854738,0.0028794077,0.4027504,0.98952709,SIRA
21772.75,265.90081,464.208776,281.07108,0.9448804,0.9081643,68960.36922,127.27581,0.67075631,0.98692246,0.7456193,0.93847837,0.0085489882,0.0007968473,0.7799315,0.98603045,SIRA
14028.85,223.82712,91.775246,76.55319,1.2764978,0.4617751,621.33075,91.95491,0.81806933,0.97292644,0.718464,1.06976468,0.0056210545,0.0006532371,0.8224243,0.98029137,SIRA
86289.74,296.70208,223.476138,240.89061,0.9699275,0.5865923,143466.96601,176.42391,0.87107069,0.9932603,0.7379449,1.0026188,0.0091734797,0.0013798811,0.6641335,1.00709337,SIRA
83528.32,1387.57468,518.000696,227.07821,1.4965558,0.5104305,78828.12966,118.36069,0.77064239,0.9880611,0.6688974,0.88691519,0.0050615224,0.00103111,0.759531,0.99568355,BARBUNYA
3207.79,1278.83464,328.711346,213.81745,1.7766353,0.8315671,156037.62494,353.83175,0.70199562,0.98040818,0.8732048,0.71356189,0.0037620441,0.0014378805,0.7607098,0.9853121,BARBUNYA
92587.61,1075.48507,376.896137,253.8419,1.6647934,0.6399114,161704.64353,157.71566,0.90485434,0.97596996,0.7239954,0.71056893,0.0055830608,0.0019702605,0.8505076,0.98397549,BARBUNYA
76574.68,1307.18096,345.326379,105.99725,1.6125289,0.6085212,2546.61494,343.91867,0.7549647,0.99866346,0.6656251,1.0195069,0.0033148297,0.0028846503,0.8792216,0.99684235,BARBUNYA
38183.09,994.0931,394.06265,229.42868,0.9000388,0.5076016,621.33075,91.95491,0.59522945,0.97378063,0.6662323,0.9637647,0.0079229856,0.0020606822,0.6938609,0.99679424,BARBUNYA
112961.85,1113.46799,435.046986,126.48237,2.069846,0.7100592,131491.24582,369.57363,0.64493653,0.98598183,0.8985971,1.0680074,0.008777567,0.0007264065,0.8952345,0.99762801,BARBUNYA
109269.57,1231.69957,231.942905,311.48082,1.1127084,0.4971308,124694.90877,215.4139,0.90216807,0.98190534,0.9010819,0.64181245,0.0049975238,0.0029076709,0.7264448,0.98031669,BARBUNYA
25672.96,1444.9491,419.893837,215.31581,0.9722176,0.5642699,74530.36509,404.79496,0.67434014,0.99142093,0.7358998,1.0231008,0.0084049932,0.0022439756,0.3929659,1.00158532,BARBUNYA
61424.5,1022.62518,267.706238,185.78823,1.0510243,0.8448871,78273.25444,220.40122,0.63498806,1.00035637,0.7234187,0.74399617,0.0067058252,0.0015452325,0.8510481,1.00956772,BARBUNYA
87313.23,952.81103,254.457534,305.99353,2.1020897,0.6620462,66455.21091,165.35411,0.65974667,0.98159842,0.8180576,0.94519789,0.0064279749,0.0009833217,0.7406546,1.00371843,BARBUNYA
81878.25,1433.39918,145.804477,196.86405,2.0088264,0.6869611,116888.47607,114.57111,0.64908816,1.00109709,0.7356206,0.88069204,0.0087110484,0.0015535461,0.5752986,1.01122709,BARBUNYA
86439.87,1324.84518,306.596965,229.17074,1.2384517,1.0055083,99627.12789,175.2072,0.91684945,0.98714888,0.7606451,1.04479257,0.0081146289,0.0007206798,0.5963233,0.99736684,BARBUNYA
50695.24,1121.03936,170.933168,320.66268,1.2446231,0.6681515,101212.00548,230.57678,0.90368577,0.99732046,0.8659558,0.67984512,0.0054997232,0.0017810486,0.6456116,0.98864828,BARBUNYA
142603.64,1024.98765,374.292513,152.20672,1.1267127,0.5407933,58440.11451,314.84114,0.62532397,0.99086815,0.9431763,0.98890816,0.0033572912,0.0018880609,0.6726209,0.98914646,BARBUNYA
60359.85,571.39329,370.416134,304.42346,1.0838389,0.7163211,88899.08772,367.38967,0.65669652,0.99362115,0.9576379,0.84676076,0.0092271595,0.0007356209,0.8303802,0.98936832,BARBUNYA
64823.13,1097.01491,347.837522,314.45634,1.4242821,0.7324913,120458.89548,283.59539,0.73298924,0.97529295,0.9232784,0.80011196,0.0054023942,0.0017048528,0.8670879,1.00730896,BARBUNYA
109887.53,1299.27944,161.207249,224.87401,1.2100471,0.9147103,64825.85033,281.14293,0.78703832,0.98852107,0.7720623,0.64590697,0.0072774762,0.0008607891,0.8632394,1.01155369,BARBUNYA
90779.97,1019.71853,91.775246,280.64411,2.1269533,0.9212357,147164.75672,289.35296,0.66081914,0.98435577,0.6656251,0.60210645,0.0048797592,0.0008409647,0.5660993,1.0031705,DERMASON
57636.95,1406.22747,91.775246,210.47744,0.9820209,0.8633982,97960.41372,331.15447,0.62948502,0.97292644,0.6656251,0.69642668,0.0036436618,0.0010728466,0.5338906,0.99340068,DERMASON
85990.52,792.42392,518.758687,143.9908,1.8927649,0.5398399,73292.44501,382.9204,0.79681222,0.9774711,0.8177762,0.64746535,0.0048369291,0.001963181,0.4628768,0.99991853,DERMASON
96949.28,919.94154,210.328806,102.20765,1.8712538,1.0835026,154653.66132,362.54835,0.60116197,0.98063324,0.6911116,0.88397491,0.0044986744,0.0024674564,0.5442092,0.9830898,DERMASON
137821.82,881.06372,504.362269,219.50137,1.8184987,0.8622739,67138.93652,163.94769,0.62496649,0.99397552,0.7625998,0.60900747,0.0046209456,0.0020599447,0.457533,1.0055775,DERMASON
116779.31,377.16147,499.389041,306.16673,1.9430118,0.6791693,143664.07596,282.57678,0.8312545,0.97553202,0.6917225,0.6114473,0.0070366865,0.000403795,0.8276222,1.00369981,DERMASON
81417.26,1277.36742,387.335857,240.47461,1.5128735,0.980884,156997.54852,244.36842,0.70920802,0.98333778,0.9975956,0.90329982,0.0041466304,0.0028702819,0.5062048,1.00822263,DERMASON
47428.85,923.57459,548.144834,322.58168,1.8084379,0.6837872,74458.08426,342.57898,0.65372505,0.98707119,0.7555007,0.62047352,0.0063530528,0.002260659,0.5104877,1.00824493,DERMASON
93145.0,231.12394,415.796542,334.03579,1.5419543,0.836416,107655.46221,217.95989,0.79243712,0.97644572,0.8857964,1.06061395,0.0056498473,0.0013369452,0.5213733,0.99689061,DERMASON
103899.19,1139.0417,354.531129,228.9277,2.1224119,0.5751683,117606.08292,95.3253,0.75227376,0.99898516,0.8465905,0.619584,0.0070026659,0.0007856804,0.7914795,0.99273207,DERMASON
136187.54,1329.51148,298.817774,246.81008,2.0202308,1.0785703,83678.94384,141.92583,0.65416257,0.97489004,0.8102878,0.77960603,0.0060263959,0.0013649571,0.8190918,0.9867646,DERMASON
111960.17,835.74998,142.862241,195.74332,2.2227384,0.7469949,86344.06311,326.38052,0.60697752,0.97441067,0.8092008,0.65840684,0.0058726216,0.0014855167,0.5057594,1.00067988,DERMASON
91730.26,904.58842,546.970995,198.735,1.4041443,0.8652835,80031.94776,298.00241,0.65544509,0.99247159,0.9434989,0.74717496,0.0077226722,0.0008429167,0.5748283,0.99352406,DERMASON
35775.84,1325.9621,318.849547,150.22527,0.9658191,0.8050046,114409.35142,386.25892,0.62756364,0.99645226,0.9771495,0.68306388,0.0058595599,0.0016595479,0.600129,0.99384497,DERMASON
60342.51,673.39936,376.586896,268.95401,2.1159085,0.8784367,101515.28331,340.47397,0.60265789,0.98947416,0.9247938,0.92311388,0.0048326457,0.0017242288,0.4876344,1.00415532,DERMASON
94906.76,1330.29179,267.26898,234.8492,2.1514672,0.7696047,79444.08767,245.9227,0.85188631,0.9879652,0.954255,0.82052875,0.0068620031,0.0004971116,0.3954047,0.98918356,DERMASON
64982.94,1142.46005,155.70083,85.09397,2.209912,1.0818181,87937.88092,231.7937,0.60572741,0.99466917,0.925114,0.79244681,0.004657521,0.0011829213,0.7844675,0.99224049,DERMASON
83732.23,272.00027,533.619743,240.61791,1.1210709,0.8771728,107189.29967,409.68327,0.76590809,0.97394442,0.884285,0.64622399,0.0042541395,0.0010770576,0.413818,0.99627569,DERMASON
9967.22,713.86012,508.182106,299.4808,1.3569319,0.9191538,7243.18071,158.68441,0.85485864,0.98451202,0.6912831,0.84900843,0.0059533836,0.0007287643,0.7803416,1.00090409,HOROZ
1838.47,223.82712,244.480829,277.08477,0.9000388,0.8423915,621.33075,133.03951,0.59522945,0.97724687,0.8389707,0.8241691,0.0033148297,0.0011627311,0.477753,1.00207054,HOROZ
1838.47,223.82712,91.775246,76.55319,0.9000388,0.783317,9670.96682,171.11526,0.59522945,0.97292644,0.6783394,0.60210645,0.0033148297,0.0020855733,0.5789908,1.00301313,HOROZ
44739.76,1457.21826,136.497565,163.11708,2.2498363,0.5724247,93217.53796,211.90494,0.68975694,0.9981845,0.8318559,0.62417449,0.0038878405,0.0022418412,0.5985663,0.98371436,HOROZ
26746.4,249.63867,293.69537,276.29077,0.9580074,0.9821837,14145.33016,185.14525,0.77519482,0.98188824,0.6848723,0.90707086,0.008430325,0.0025543122,0.6060844,0.99162358,HOROZ
28845.49,238.4546,244.288555,205.46336,1.5709198,0.5376254,54297.91546,117.31445,0.79464455,0.97922374,0.8101044,0.71910244,0.0068911981,0.0001741429,0.8699789,0.99268424,HOROZ
126999.46,1089.36014,128.310115,80.53814,1.4822692,0.6936622,6283.20404,319.66333,0.86222613,0.97333623,0.8233119,0.91443041,0.0041198082,0.0020072933,0.5505844,1.00646207,HOROZ
86635.94,296.93301,384.778181,160.93695,1.2697025,1.0519672,93476.0521,133.61467,0.68000411,0.9976773,0.9331838,0.87667435,0.0069874756,0.0022562614,0.892604,0.99091945,HOROZ
1838.47,450.3477,91.775246,221.79616,2.2233551,0.4617751,150157.03498,91.95491,0.86315083,0.99498089,0.6656251,0.69153367,0.0065012814,0.0013344429,0.4540993,0.98029137,HOROZ
22088.54,1377.42658,220.585184,255.66199,2.0637217,0.9045521,9166.64658,122.55418,0.90960375,0.97780693,0.8037346,0.67842898,0.0068465965,0.0001411868,0.8083224,0.98842493,HOROZ
15192.66,680.99028,450.532344,95.97965,1.0752534,0.7880858,38553.83609,194.74739,0.69118947,0.98910748,0.8765598,0.86706662,0.0048441015,0.0014767392,0.7864471,0.98532082,HOROZ
1838.47,278.80559,105.60323,124.5419,1.9213587,0.578203,154718.07877,212.85804,0.74344484,0.98844822,1.0011379,0.67510953,0.00948114,0.0011450275,0.8095351,0.9896271,HOROZ
28561.89,227.15198,240.641963,227.59495,1.4085094,0.5562233,70594.15054,192.48531,0.72393767,0.9922818,1.0098196,0.62904722,0.0077073017,0.0012562448,0.5381929,0.98069479,HOROZ
3498.45,1142.56099,176.174334,176.1538,1.1603733,0.9710229,53333.64893,91.95491,0.7016625,1.00068967,0.835,0.60210645,0.0043347851,0.0019778806,0.6580878,0.98029137,HOROZ
83892.82,639.99596,108.587843,293.49784,1.5847599,0.9976619,142605.8772,192.06478,0.66948766,0.99793384,1.0233807,0.66224747,0.0046480073,0.0014775415,0.8872197,0.9908074,HOROZ
105938.14,332.68186,540.420465,288.48116,1.1853634,1.0835716,25385.46667,187.62485,0.87799052,0.98359177,0.8168732,0.9130682,0.0095706282,0.0007744948,0.5081382,1.00160279,HOROZ
131483.47,353.89689,265.466726,289.933,1.3815306,0.9411456,22056.01777,138.30698,0.63522123,0.9956696,0.8047139,0.74709631,0.0069079303,0.0011975106,0.7467072,0.99521464,HOROZ
28343.95,314.22567,508.436236,99.35395,2.0570583,0.5808612,132102.61768,380.85987,0.70848707,0.99194778,0.7953733,0.65000503,0.0061631729,0.0021928645,0.8572517,0.98167896,HOROZ
97260.52,944.91807,382.000767,204.36866,1.3019522,0.580498,36388.46969,235.67098,0.914347,0.98517254,0.7459607,0.99813779,0.0048556173,0.0007086681,0.432317,0.98186302,SEKER
77957.83,951.58087,429.731379,235.75047,1.4362751,0.9928056,14982.75211,375.80589,0.64766116,0.98434374,0.7016872,0.68193649,0.0059805495,0.0009894692,0.8306085,1.00844135,SEKER
13198.99,910.68965,497.217138,103.9184,1.3771416,0.9323902,159126.71868,345.50878,0.67143477,0.99169298,0.734673,0.60210645,0.0037731792,0.0025535662,0.4751129,0.99261767,SEKER
67845.65,1055.75132,245.344126,96.48963,1.9887582,0.75959,161599.39458,233.53124,0.66650412,0.98853967,0.7804217,1.03952126,0.0034976747,0.0018656587,0.4290362,0.99772574,SEKER
142093.85,1448.06395,197.188726,130.51806,1.3158222,0.676706,55742.60159,337.03998,0.8648208,0.97721607,0.6705359,0.63776986,0.0081716295,0.0020799202,0.5351728,0.9967028,SEKER
1838.47,459.18534,480.9557,191.898,2.0642698,1.0511302,155246.0967,91.95491,0.65428893,0.97292644,0.8835372,0.88129097,0.0071168533,0.0004666496,0.3929659,1.00618071,SEKER
1838.47,1394.09605,456.593001,166.04571,0.9000388,0.7583569,51756.87197,91.95491,0.59522945,0.97292644,0.7415807,0.60847575,0.0038827589,0.0033256664,0.4488853,0.99463225,SEKER
61149.35,1299.61094,397.744511,76.65119,1.7438512,0.9366674,50930.19075,165.68021,0.82366565,0.9867958,0.7534678,0.71183636,0.0073007955,0.0026870371,0.6693807,1.0060096,SEKER
140967.63,367.57515,401.27776,301.14701,1.5472695,0.8783363,41532.04592,208.64821,0.84619346,0.9872043,0.7003323,0.63268483,0.0065592627,0.0014462366,0.6911834,0.98215538,SEKER
31048.53,281.07732,299.541558,98.18156,1.7068858,0.8078271,132325.90112,310.2188,0.59522945,1.00045192,0.6656251,0.60210645,0.0052764687,0.0005779974,0.4146136,1.00917425,SEKER
47988.25,579.27309,312.650519,150.76805,1.8723374,0.8414861,45944.77509,411.80346,0.89899699,0.97292644,0.7635377,0.74166849,0.0053104002,0.0013855706,0.3929659,1.00549363,SEKER
22127.32,1257.67744,91.775246,232.87926,2.2136139,0.6154647,106971.58719,91.95491,0.89192698,0.97292644,0.9582018,0.63721976,0.0082295684,0.0007841717,0.3929659,0.98029137,SEKER
26565.16,1225.28842,477.788513,254.75228,2.0238425,0.9314076,2544.65919,398.41671,0.87042469,0.9777745,0.8944572,0.61336367,0.0069936271,0.0010610367,0.4699045,1.00745719,SEKER
89650.44,684.96945,438.918687,92.55807,1.122281,0.9520161,98902.95021,237.34685,0.80908881,1.00140356,0.92132,0.64416896,0.0059696492,0.0014697978,0.5532767,1.00848948,SEKER
81676.54,809.36887,129.543783,242.90344,2.2267058,1.0442456,148148.5762,123.29972,0.78933161,0.99440538,0.8010907,0.61375531,0.0063124472,0.0012042374,0.8638926,1.00583554,SEKER
26227.54,1359.93882,454.171617,76.55319,1.0833322,0.4617751,150836.45349,115.95304,0.68008387,0.99947795,0.6656251,0.60210645,0.0084326279,0.0007864696,0.5289987,0.98729616,SEKER
28942.78,531.1647,387.727821,319.0331,2.0746518,1.0887339,71690.02397,324.85557,0.61906571,0.99813191,0.9782488,0.68171126,0.0048695462,0.001372048,0.5515002,1.00115569,SEKER
51450.51,1452.81328,382.455455,157.22283,2.0465921,0.7111864,621.33075,108.66314,0.70732494,0.98278787,0.8283323,0.6443115,0.0045657009,0.0012075967,0.7788798,1.00225788,SEKER
10198.56,223.82712,91.775246,205.1187,1.0292636,0.8081548,140956.1786,91.95491,0.76364545,0.9823852,0.6713408,0.97723876,0.0054061269,0.0011446866,0.497048,1.00969218,SIRA
28873.57,223.82712,178.24789,188.39902,1.6882055,1.0145323,163339.3036,285.45569,0.78220952,0.98642621,1.017783,0.6508059,0.0034188387,0.0004519397,0.9099805,0.99779691,SIRA
90265.94,1456.4889,158.952817,188.15059,1.5414742,1.0391488,21981.41279,168.43669,0.91145834,0.97488836,0.9586745,0.99892942,0.0050736699,0.0021025697,0.6347976,1.0065164,SIRA
1838.47,223.82712,91.775246,197.50178,1.1360759,0.5976614,140353.40004,91.95491,0.61017187,0.98714839,1.0082657,0.99779624,0.0033148297,0.0016031293,0.8383259,0.98858265,SIRA
62045.0,697.14364,495.275969,115.57546,1.5217396,0.5210513,136598.96986,342.67127,0.7221762,0.99096176,0.8741087,0.94595899,0.0074664927,0.0020463211,0.7970399,0.98090372,SIRA
35779.5,1168.4407,194.736956,323.34797,1.6347096,0.652454,32770.82836,147.75297,0.85927763,0.97361259,0.9806279,0.91063089,0.0065840979,0.001342827,0.6261257,1.00170425,SIRA
42568.55,246.77406,200.233313,163.44044,1.1986077,1.0625438,36989.11939,306.10296,0.61439027,0.98056766,0.9051957,0.86721741,0.0046114728,0.0030246281,0.7974558,0.98918528,SIRA
54829.48,1224.82654,121.700558,134.93226,1.6066961,1.0636745,153662.90186,316.33298,0.73138717,0.99762806,0.8569783,0.97889027,0.0066165808,0.0020849524,0.8094839,1.01084011,SIRA
15375.56,242.23498,455.116616,298.68821,2.0598145,0.8595951,50088.222,187.90537,0.72190143,0.99661994,0.7034472,0.95477724,0.0080011072,0.0012633136,0.8393111,0.98167199,SIRA
93727.76,540.77301,278.026127,206.15523,2.1564995,0.8832989,80718.0325,313.6646,0.64981732,0.98515445,0.8117073,0.83580056,0.0056828303,0.0004987853,0.8143117,0.99203483,SIRA
17118.88,1185.5899,213.77,146.54269,1.4027401,0.9807363,91249.08658,336.11037,0.7289506,0.98467107,0.7358258,1.03265778,0.0059919666,0.0011127842,0.8953041,1.00594614,SIRA
25026.14,729.12465,91.775246,276.22077,1.9748508,0.4617751,621.33075,345.40518,0.59522945,0.97292644,0.8670566,1.01672432,0.0092490996,0.0011111543,0.8924902,0.98029137,SIRA
38513.88,313.19095,313.290641,244.30081,1.7698064,1.0400276,40724.25191,103.69971,0.63877695,1.00090383,0.9918305,0.93030768,0.0040551243,0.0013066824,0.7150749,1.00456586,SIRA
31964.47,265.50553,462.264442,275.6778,0.9623832,0.7030842,100918.97528,373.69494,0.64982023,0.98535695,0.7397586,1.01446899,0.0053162335,0.0018971705,0.6361027,0.98029281,SIRA
39550.87,411.00819,218.755219,203.67622,0.9000388,0.4617751,75015.91975,91.95491,0.66599646,0.97292644,0.6656251,0.64898544,0.0033148297,0.0019678009,0.8543345,1.00955665,SIRA
87886.9,433.61261,93.742099,147.71147,1.216188,0.5385244,65313.35633,191.22428,0.80832751,0.98779396,1.0002731,1.03766678,0.0053866338,0.0009398546,0.6790445,0.98596876,SIRA
102538.57,634.102,280.90551,268.23901,1.5766944,0.6519521,99255.03693,359.05084,0.73015025,0.99677577,1.0206102,0.73073185,0.0043302116,0.0019221468,0.459193,1.01082882,SIRA
55063.41,223.82712,112.738414,226.02479,0.9000388,0.5795029,621.33075,312.21221,0.85848519,0.99965531,0.9245893,1.0599349,0.0074763043,0.0022194429,0.7819872,0.98896313,SIRA
42444.31,973.87592,363.42044,251.90653,2.0408889,1.0335849,60564.5366,379.5177,0.79026567,0.9957462,0.6656251,0.97974147,0.0077140356,0.0018006025,0.8595456,0.98029137,BARBUNYA
135140.37,1362.08519,438.791298,288.86188,2.1519018,0.5038664,137345.91472,272.29341,0.71344572,0.98706922,0.7005219,0.85588603,0.0042619346,0.0020976329,0.8927781,1.00614128,BARBUNYA
24476.13,1254.91144,437.440775,86.04635,2.1583622,0.5324831,46104.76753,175.17145,0.69565455,0.98909366,0.6865348,0.76003135,0.0046376876,0.0014998172,0.9049127,0.99835713,BARBUNYA
108473.47,1433.69957,489.799014,298.77553,1.6689114,0.519259,22409.37233,137.07333,0.68993865,0.97643757,0.6692544,0.67480547,0.0038396178,0.00117508,0.8397185,0.98620112,BARBUNYA
69890.68,867.70239,185.28763,301.7367,1.0995483,0.8849689,130535.24608,279.27327,0.7289901,0.99232584,0.7938456,1.05276263,0.0055055244,0.0010947433,0.6090885,0.99847192,BARBUNYA
134145.24,1201.95476,459.134369,311.21569,0.9037174,1.019612,106861.51934,110.22825,0.89570328,0.97683362,0.6857443,0.75730133,0.0071992882,0.0026334872,0.6533983,0.98363361,BARBUNYA
125748.27,1015.88848,513.822762,191.20009,1.5082229,1.0008591,70328.48254,118.68091,0.9208998,0.97811251,0.8600366,1.0384411,0.0071942216,0.001978984,0.8856605,1.00869231,BARBUNYA
69506.05,1351.13459,363.86712,170.61879,1.7925814,1.0203738,74725.44518,176.25584,0.77384942,0.97549627,0.7468075,0.99786033,0.0051998661,0.0002674635,0.7575083,1.00619891,BARBUNYA
68330.27,1438.8755,235.458868,107.26508,1.2827506,0.9904615,49726.51746,197.22289,0.7253602,0.98047533,0.6892556,0.81736719,0.0053433196,0.0008061762,0.8388131,0.99992984,BARBUNYA
52362.85,974.33744,429.049066,226.20201,2.1396239,0.8326505,151325.72526,100.61628,0.8174965,0.98615957,0.8762019,0.94206051,0.0042951115,0.0023709126,0.8089146,0.98327635,BARBUNYA
7801.62,943.61156,370.004428,310.04629,1.5870543,0.9288022,136987.356,375.82593,0.59522945,0.98132446,0.6906165,0.88635177,0.0086761694,0.0012492463,0.7087667,1.01096986,BARBUNYA
21898.57,1379.91992,538.736413,299.25323,0.9000388,0.6129649,146740.12179,331.56656,0.73243913,0.97319609,0.8736988,1.00914008,0.0073551769,6.46346e-05,0.6570046,0.98997702,BARBUNYA
116206.12,898.87469,477.020626,325.47829,1.3367194,0.7732741,72118.72634,409.89943,0.59964132,0.98600417,0.9287353,0.9224103,0.007296237,0.0020901048,0.6946712,0.99628838,BARBUNYA
38227.99,1187.13754,448.110342,110.02562,1.7699056,1.0850349,32477.58872,304.04627,0.73098208,0.98900063,0.7820082,0.89952448,0.0056556469,0.002656277,0.8820417,0.98999904,BARBUNYA
79142.39,1214.21072,191.48244,225.31668,0.9741103,0.6631304,105841.20538,411.33448,0.83306542,0.98972292,0.933563,1.03717755,0.0095903823,0.0005964965,0.6049147,1.01087461,BARBUNYA
88284.01,973.13236,511.421384,157.09201,1.3111751,0.722919,28822.3456,301.14408,0.90332525,0.97484537,0.8165875,1.05418533,0.0065946597,0.0018237082,0.470657,1.00857344,BARBUNYA
117438.53,1404.57868,350.725182,301.21604,1.1413198,0.5875507,35684.59984,240.39457,0.85455155,0.98759017,0.6684378,0.96490895,0.0089595676,0.0012657188,0.4592158,0.98142219,BARBUNYA
107825.55,1241.68525,508.39284,108.16214,1.9265853,0.9326795,142469.38094,414.46281,0.80120551,0.98262183,0.9322656,0.99248922,0.0040466532,0.0016099838,0.8230817,0.99897937,CALI
81623.21,1388.41479,364.576302,210.86264,1.7815419,0.7196074,17886.1262,396.46045,0.83451106,0.97548956,0.678665,0.77085649,0.0034746411,0.0023667599,0.5412442,0.99285798,CALI
143155.13,1368.73422,369.612605,332.40692,0.9151994,0.4839994,11417.63176,178.36742,0.89684725,0.99061424,0.982264,0.62492945,0.0080117126,0.0017210945,0.8958613,1.00869432,CALI
47874.68,1413.93854,493.317055,330.54693,0.9292252,1.0427265,125463.44691,347.85147,0.60681198,1.00063432,0.8469456,0.88349979,0.0052764473,0.0020687788,0.772954,0.99241585,CALI
119015.48,1183.07115,483.125206,322.58176,1.1703099,0.9460411,161597.11098,275.12231,0.74402959,0.994242,0.7511413,1.05606843,0.0094859557,0.0017197303,0.7869777,0.99025465,CALI
55010.26,1382.84822,520.222807,320.84749,1.4292656,0.7741082,140291.78814,223.12009,0.63699936,0.99753076,1.0074369,1.04516549,0.0090647639,0.0033303027,0.5050832,0.99066048,CALI
143755.78,1439.65698,449.112843,321.64824,1.6135287,0.7314972,144340.095,182.98577,0.89561127,0.98200971,0.8161096,0.8706701,0.0075308235,0.0018730602,0.5486001,1.00102201,CALI
130575.42,1475.77759,176.425104,290.97181,1.023312,0.8510908,146990.11495,327.93656,0.73839857,0.98606538,0.7013037,0.68286809,0.0059216401,0.0003167625,0.6801603,1.00031305,CALI
116333.02,1100.08897,485.7423,330.36328,1.3637033,0.9489224,145038.56524,104.87928,0.648528,0.97674343,0.8665046,0.80095963,0.007411842,0.0008521265,0.6587326,0.99377177,CALI
143572.58,612.33595,332.864085,325.74244,2.0488301,1.0213698,91189.61274,254.90962,0.70016417,0.98947949,0.7791592,0.96491118,0.0038879961,0.0011989048,0.6625532,0.99620076,CALI
98285.64,1480.57316,369.315244,206.25448,1.3731641,0.4617751,134284.16464,400.52941,0.59522945,0.97292644,0.8504745,0.95993361,0.0035390888,0.0013019529,0.3929659,1.01088624,CALI
122428.54,1007.22723,395.905156,319.81615,1.4184688,1.0044923,150466.69378,132.0699,0.86000221,0.9966944,0.756882,0.69003746,0.0059579103,0.0004912328,0.5951173,1.00350199,CALI
127097.18,1301.19594,526.561604,316.43678,1.0689326,0.7700782,61318.89132,293.05924,0.85796308,0.99828845,0.9238558,0.86593767,0.003889706,0.0022338271,0.6344369,0.98277996,CALI
122576.68,797.96122,381.849774,303.8282,1.4533138,0.7623559,143478.7221,335.27341,0.76236454,0.97953359,0.9807957,0.75129912,0.004041569,0.0019539523,0.7525106,1.01125412,CALI
66813.19,1454.19309,332.783933,332.38828,0.9369675,1.0236378,90006.37983,348.31285,0.62771787,0.99158591,0.9741392,1.02704921,0.0086298452,0.0005036897,0.7181821,0.98087214,CALI
137638.48,849.87609,536.489164,263.2342,1.2918706,0.7470857,141963.84479,307.68111,0.64622819,0.99389955,0.775841,0.73990901,0.0036456316,0.0019929998,0.7194035,0.99665016,CALI
135637.62,1455.94652,128.051142,330.47223,0.935451,0.7866333,88871.93787,294.50344,0.75271052,0.97519039,0.6890204,0.99284946,0.0090618368,0.0011149162,0.6788531,0.99700296,CALI
1838.47,548.21522,91.775246,76.55319,1.9827166,0.6566573,621.33075,183.30177,0.83061317,0.99050699,0.6656251,0.60210645,0.0077784954,0.0017546438,0.4943308,0.98776114,HOROZ
10026.69,823.22864,137.75929,327.47682,1.4102993,0.9476474,24317.9354,399.63262,0.656272,0.98890755,0.7108487,0.69140632,0.0042506299,0.0021744499,0.7314705,0.99489023,HOROZ
1928.41,372.2227,185.466216,215.98433,1.746683,0.8584976,160029.71689,157.10088,0.78445889,0.98054829,0.9602247,0.9757869,0.0061823093,0.0018227255,0.5345973,1.00995538,HOROZ
33527.72,650.09117,465.8516,110.42913,1.6569514,0.9355641,32895.49719,165.46846,0.88394709,0.98824738,0.811902,0.66859306,0.0061330471,0.0012616621,0.8962305,0.98687287,HOROZ
117922.83,416.42465,319.823184,282.3959,1.0792595,0.5311064,4822.90968,197.77195,0.85978404,0.98655803,0.9469542,0.8655808,0.0091842966,0.0015173965,0.6045302,0.98380139,HOROZ
19737.02,309.10582,360.074456,105.73024,1.8553632,1.0893471,51759.68402,305.79223,0.77266442,1.00050983,0.9794603,0.77335616,0.0096088554,0.0028283885,0.5019027,1.00300791,HOROZ
131050.7,640.34643,454.253467,98.78505,1.4267256,0.5693159,20202.09945,340.25099,0.76530357,0.98483186,0.7924072,0.73407348,0.0063909511,0.0020417503,0.557999,0.99674802,HOROZ
37268.18,1391.48575,91.775246,211.07419,1.8983752,0.6207092,34967.01486,172.04108,0.78558103,0.9969994,0.9589541,0.6199781,0.0045432303,6.46346e-05,0.3929659,0.99652535,HOROZ
64808.74,392.82841,155.820005,146.31826,1.0674803,0.7679097,76886.20519,335.4247,0.91872214,0.97718153,0.9563237,0.69729398,0.0072036474,0.0003973505,0.681594,0.9862121,HOROZ
140574.04,637.08371,230.470301,125.4808,1.598209,0.950229,153730.1728,307.67739,0.81458174,0.98176743,0.9063068,0.60947077,0.0068771147,0.0018114833,0.6716524,0.99134945,HOROZ
18707.25,228.35706,125.546226,94.6252,1.5894721,0.6197706,146430.42531,365.38698,0.91270831,0.98355042,0.7293884,0.96988262,0.0085372263,0.00136362,0.7002553,0.99693956,HOROZ
11423.12,598.86022,527.567612,173.25556,2.1473796,0.711293,136641.18704,314.38046,0.80148546,0.98291459,1.0195913,0.90360749,0.0087888586,0.0008644029,0.6105316,0.98882271,HOROZ
18908.71,575.32298,204.075715,89.23676,2.2341947,0.4617751,78897.60452,142.98592,0.59522945,1.00070906,0.7977639,0.60210645,0.0057693908,0.0015424752,0.8139586,1.01083696,HOROZ
73437.07,398.58348,191.669761,151.68651,1.0280777,1.0880054,90874.78955,101.39467,0.72643588,0.99844506,0.6826918,0.77799801,0.0066708541,0.0025004179,0.8326021,0.996811,HOROZ
5071.95,314.94158,91.775246,183.84528,1.2458625,0.4634041,135427.31112,296.86651,0.61346359,0.97292644,0.783977,0.88342614,0.0093642915,6.46346e-05,0.6680285,0.98492189,HOROZ
130535.99,249.83916,207.240546,214.75685,1.2012374,0.9780147,17676.50163,221.46055,0.74397522,0.99900622,0.8101642,0.86000004,0.0086047538,0.0018173188,0.7928127,0.98724818,HOROZ
27956.24,1079.73082,332.105417,161.89958,0.954145,0.9432126,24813.40593,217.00379,0.63022448,0.98747812,0.8172237,1.04314152,0.0087903981,0.0011882448,0.8083649,0.99057748,HOROZ
77400.09,998.00364,280.523487,200.99151,1.1486431,0.9630149,12456.37299,270.99409,0.89575297,0.98238378,0.9440017,0.65138675,0.0059455421,0.0012280751,0.6483809,1.01032838,SEKER
99473.86,1127.84744,328.018053,88.5863,2.1816416,0.7324607,100152.12115,189.2125,0.7086065,0.98050675,0.9472441,0.74145052,0.0052423781,0.0015409613,0.4169503,1.00510353,SEKER
1838.47,1091.86225,319.359903,76.55319,1.7782252,1.0776241,104592.4588,327.1496,0.61654804,0.98705232,0.6656251,0.60210645,0.0045813916,0.0014092489,0.77154,1.00385246,SEKER
47748.26,257.17449,525.267124,170.74245,1.010412,1.0273301,137951.06264,133.345,0.90873229,0.98705025,0.7261026,1.03759724,0.0053814006,0.00120972,0.4628614,0.98683588,SEKER
104642.36,1038.15846,527.268033,103.13769,1.7335296,0.5985895,107022.54795,131.77793,0.72805673,0.98991018,0.9142262,0.71257288,0.0070684217,0.0012686673,0.4360724,0.99871973,SEKER
7044.6,1313.32035,427.232601,81.80841,1.4063176,0.9868282,109017.47111,103.39307,0.72181358,0.9848286,0.9489796,0.80645162,0.0077659429,0.0028660756,0.4778604,1.00402427,SEKER
55098.26,324.62698,325.904234,143.33373,2.1779608,0.5818057,51203.26244,265.39176,0.8136332,0.98283596,0.9801516,0.68337389,0.004267072,0.0017447183,0.4530754,1.00346616,SEKER
8708.94,223.82712,448.535161,182.75975,2.0402105,0.7815846,156129.87612,91.95491,0.59522945,0.9803717,0.6656251,0.67262908,0.0045159327,0.0003318203,0.3929659,0.98029137,SEKER
85545.23,621.32888,527.934194,316.94964,1.2608597,1.0693964,40451.65112,179.29499,0.87313478,0.99646413,0.970877,0.60406289,0.0071507293,0.0011211233,0.6791595,0.98815782,SEKER
1838.47,1301.20348,313.257424,311.3667,2.1992258,0.7889775,124768.43338,91.95491,0.84966477,0.97297398,0.6656251,0.61451745,0.0052387355,0.0015074634,0.5196129,0.99098971,SEKER
62549.75,835.44466,293.689496,215.64755,1.3930644,1.0684194,118643.42216,183.45742,0.62368528,0.99068816,0.6677783,1.00768052,0.0092169641,0.0016071991,0.4501807,0.99827977,SEKER
74661.44,963.20971,202.24535,191.69132,1.9977315,0.5943006,1487.86921,374.09473,0.82011945,0.97506209,0.8912531,0.61356138,0.0064843948,0.0005402712,0.7555725,0.99608131,SEKER
103370.05,1065.32558,483.327923,83.37424,1.1723285,0.5555236,124011.08779,153.20752,0.72539127,0.97384361,0.9958599,0.68712034,0.0063913479,0.0021562582,0.4089299,0.98177681,SEKER
63492.91,508.10916,521.996261,142.05343,1.5059055,0.9147401,81020.50726,401.32089,0.64100075,0.97386899,0.946436,0.68350273,0.005971805,0.0017800854,0.789361,0.98246514,SEKER
116712.24,538.11168,455.161419,241.66607,1.5716179,0.8966676,135995.45003,146.77423,0.71864788,0.9774071,0.7795521,0.63805444,0.0084637021,0.0013658106,0.8179304,0.9849307,SEKER
122074.0,1230.973,499.470462,140.96153,1.1243811,0.5669361,147375.55571,298.33424,0.70750285,0.99964476,0.8205329,0.61149416,0.0089295018,0.0017497483,0.4445433,0.99414971,SEKER
37469.31,1107.8374,235.785327,76.55319,2.1943924,0.4617751,47741.80188,262.50214,0.88573647,0.99062435,0.7574572,0.60210645,0.0065280425,0.0008190136,0.4478653,0.98029137,SEKER
123715.17,795.6357,180.028694,255.21373,1.1476724,0.4819478,106481.46732,395.9883,0.6702909,0.99491501,0.8884063,0.81927537,0.0050147718,0.0015347124,0.7669895,0.98932719,SIRA
1838.47,1391.86314,112.78744,243.6361,0.9000388,0.6260998,86493.51176,92.68421,0.87450007,0.98638757,0.9303171,0.85162669,0.0037254923,0.002048394,0.7369705,1.01117066,SIRA
10201.88,514.03321,300.132919,246.01643,1.5774483,0.8711997,91546.38773,120.75561,0.89920158,0.98594148,0.8877849,1.04569621,0.0057045839,0.0022279023,0.7131668,1.00943261,SIRA
59239.13,530.06441,337.709492,317.5409,2.0704317,0.5132247,34399.87611,217.77731,0.73495239,0.98243913,0.8960358,0.94224543,0.0052001235,0.0011680094,0.5976122,1.00653952,SIRA
50052.66,611.59763,315.488772,274.3944,1.6932075,1.0307382,35533.21238,185.99662,0.61934849,0.98294998,0.7977583,1.03503852,0.0052482337,0.0016039028,0.7967897,0.99024376,SIRA
82801.73,901.93463,111.080717,323.44121,1.0993211,0.6490815,100512.17754,212.93929,0.85840687,0.99087034,0.7344826,1.00627934,0.0095419977,0.0028061463,0.6794256,1.00039391,SIRA
113295.56,670.9542,278.511676,312.33342,1.2374519,0.8888358,28641.7945,324.07503,0.72778715,0.99786415,0.7637653,1.01438032,0.0060429299,0.0018617908,0.4532306,1.00471381,SIRA
1838.47,991.75284,258.216295,253.73629,0.9000388,0.9276373,621.33075,357.2315,0.87994331,0.98631459,0.8785008,0.60210645,0.005485117,0.0003603931,0.8483461,0.98029137,SIRA
14219.47,245.52154,163.902091,189.49936,1.1543627,0.8120521,123264.27468,367.21203,0.60828122,0.99434789,0.7824121,0.87981795,0.0068905213,0.0003949716,0.8070185,0.98129258,SIRA
114377.87,447.45146,146.367333,246.96121,1.0471795,0.8255468,147539.14686,164.85624,0.75963532,0.99240494,0.7069513,0.92530802,0.0048183983,0.0015561961,0.6414819,0.98755022,SIRA
51570.98,713.62133,508.264577,320.37098,1.0492759,1.0555916,7707.86679,137.25545,0.76345018,0.9989161,0.9293875,0.96560208,0.007087086,0.001086903,0.8303812,0.98910497,SIRA
141804.69,660.05656,189.325998,216.47225,1.3322516,0.4980062,130380.1094,212.91697,0.74283543,0.98905018,0.9747726,0.96498621,0.0060020556,0.0008025039,0.4321628,0.99222356,SIRA
28782.58,1336.09255,279.350083,321.18747,1.7392554,1.0555576,132850.84853,311.41342,0.69953765,0.99974378,0.6882943,0.67611447,0.0044169735,0.0024889544,0.8700655,1.00018249,SIRA
25832.06,223.82712,441.836201,269.14454,1.0308235,0.843192,13736.47914,369.10752,0.78111172,0.97300245,0.9480225,0.89455243,0.0036348948,0.0023617903,0.8826879,0.98876215,SIRA
48906.91,427.23173,469.352371,236.2283,1.3558413,0.7963711,112023.31536,193.29407,0.91627954,0.98450202,0.8154439,0.87082743,0.0088549389,0.0009868307,0.7510703,1.00423331,SIRA
37001.31,462.81892,505.68356,210.35933,1.3024167,0.7688914,120888.59076,140.56816,0.64771027,0.99046762,0.9775229,0.97878546,0.0044213502,0.0019024047,0.4541832,0.99525142,SIRA
106756.74,796.34854,150.454245,184.97622,1.8082707,0.6660328,106292.10453,348.21662,0.75781148,0.98495944,0.9114205,1.05052076,0.0060676522,0.0005656405,0.7531119,0.99369575,SIRA
76064.38,1116.33442,204.988953,242.82381,1.0301276,1.009426,153021.40507,363.04948,0.67710977,0.98459016,0.7893755,0.79222483,0.0062717693,0.0011042462,0.687275,0.99733175,BARBUNYA
5144.08,1435.89429,372.078829,244.25409,1.2005941,0.8507771,146567.41878,123.5489,0.80149548,0.99970027,0.7669231,0.8803136,0.0044978909,0.0020038004,0.4409643,0.99079166,BARBUNYA
132799.41,1245.16039,424.372725,281.61973,1.7974563,0.767698,151333.17552,202.27387,0.83380916,0.98482545,1.0014585,0.86140788,0.0060774742,0.0019176276,0.6653991,0.99027365,BARBUNYA
105264.31,1385.65271,173.230844,112.66664,1.1989291,0.724351,133715.63627,301.33554,0.73960471,0.98667352,0.7615478,0.97975843,0.0090649986,0.0029138387,0.8191045,0.99535301,BARBUNYA
93987.14,1146.70558,383.756577,295.42642,1.9121255,0.4680166,45656.29261,233.78492,0.59740927,0.99801386,0.6709993,0.92043261,0.0064382453,0.0025140191,0.6702553,0.98323874,BARBUNYA
102510.85,1447.7133,176.115645,249.13155,1.6553559,0.6596333,151830.99352,305.13089,0.62991397,0.99854167,0.8719841,0.89775178,0.0081570646,0.0018891717,0.5637809,0.99742492,BARBUNYA
57503.04,1177.59523,91.775246,317.33368,1.3499921,0.7216004,113177.49037,271.4673,0.76730983,0.99310713,0.7203784,0.82292683,0.0079068569,0.002231015,0.8882117,0.98654285,BARBUNYA
1838.47,1248.57612,539.501518,187.29752,0.9486469,0.5377339,28184.672,303.95224,0.65489851,0.98711541,0.6656251,0.60210645,0.0043660836,0.0013330946,0.6977829,0.99388049,BARBUNYA
133319.02,1452.5156,128.887849,305.59185,1.9426894,1.0668234,102077.54712,322.59007,0.64449239,0.98342585,0.7386387,0.81210078,0.0082237015,0.0016377845,0.835855,1.00190046,BARBUNYA
31013.25,1154.96578,381.904095,246.55221,2.1698456,0.9114033,83480.40804,293.48362,0.62194398,1.00158649,0.7848098,0.86821181,0.0054414159,0.0018790581,0.7644318,0.99958612,BARBUNYA
89875.89,555.31678,532.700983,98.50427,1.4981115,0.655004,70911.45755,393.8991,0.62624891,0.97414264,1.0175974,0.7346157,0.0056388486,0.001782509,0.9093258,1.00276548,BARBUNYA
54492.94,1201.77756,313.189298,114.29948,1.1558405,1.0595654,59621.23993,261.43137,0.69785411,0.97902657,0.6662703,1.06689274,0.0088455395,0.0020850471,0.7693966,0.99176708,BARBUNYA
1838.47,1106.71195,91.775246,225.90636,0.9000388,0.4617751,90257.9959,410.04606,0.59522945,0.97292644,0.6656251,0.83268838,0.0070003836,0.0018841277,0.7124615,0.98029137,BARBUNYA
8646.9,1284.87891,425.71067,232.86788,2.0529728,0.4629839,146215.26155,281.85591,0.87449288,0.97723223,0.6656251,0.82410114,0.0075491704,0.0027427057,0.9109611,0.9878181,BARBUNYA
95494.33,948.22694,343.069421,191.68976,2.08862,0.6090681,73787.58557,329.1309,0.81912924,0.99928855,1.0181709,1.03060304,0.0048606889,0.0001811383,0.6645707,0.99005383,BARBUNYA
118103.33,1468.50347,378.354002,321.12978,1.6029926,0.6290736,81976.5327,230.01296,0.91676438,0.9827966,0.9485746,1.02816464,0.0041779248,0.0020168669,0.7486182,1.00102097,BARBUNYA
27300.66,1427.57712,394.350212,81.60774,1.3464645,0.9092557,94200.14711,362.70208,0.61583568,0.98417129,0.9439946,1.03563742,0.0061208559,0.0024799665,0.8115558,1.00572497,BARBUNYA
140689.46,761.42417,361.788871,309.30925,1.7350353,1.0209484,126878.18854,383.68325,0.82427451,0.99860042,0.8897726,0.74109254,0.0054986193,0.0011198392,0.8107107,0.99078449,CALI
128324.32,1000.98956,499.504924,326.6317,1.0212405,0.6376466,116687.61058,400.03438,0.79946553,0.98973313,0.9518123,1.03753639,0.0084050621,0.0028820241,0.605811,0.98758575,CALI
130508.03,1135.60428,344.542356,324.3532,1.4807198,0.5626931,125788.10461,242.72097,0.7191463,0.99467416,0.9680832,0.95712721,0.0060416824,0.0022482157,0.7858469,1.00460736,CALI
121589.91,1295.92682,472.648836,332.1363,1.31981,0.6146919,140259.08782,154.7216,0.6113853,0.9992724,0.9678148,0.87487394,0.0086148307,0.001770385,0.6928808,0.99143498,CALI
55577.91,1329.55561,437.56024,320.0446,1.5953143,1.002807,42391.21032,394.66013,0.67291619,0.97540398,0.7004877,0.88013267,0.0063334964,0.0026755979,0.5471526,0.99858676,CALI
89737.86,1217.02968,358.020301,319.55361,0.9169711,0.9653497,57157.25175,393.09034,0.66636514,0.97527515,0.8011858,0.95387061,0.007688231,0.0029262441,0.5537892,0.98098539,CALI
131738.29,1096.41506,347.262985,314.92045,1.3013327,0.8252159,162978.02929,136.85945,0.87411849,0.98458213,0.6750972,0.9800235,0.0055224242,0.000697825,0.8436296,1.00603383,CALI
135348.73,1322.38602,382.188934,153.4734,0.940115,0.9197412,77913.5103,275.49486,0.61111222,0.97422442,0.7399257,0.83361405,0.00343137,0.0008125205,0.7641089,0.99236984,CALI
48133.74,1350.08766,516.861851,238.384,1.1043539,0.4617751,150191.39135,399.55734,0.84339735,0.97619405,0.7421624,0.60210645,0.0081741006,0.0009023057,0.6886601,0.98029137,CALI
53339.2,1210.29831,513.241934,320.5913,1.7479183,0.962407,131290.77138,409.23545,0.90567644,0.99806707,0.8971673,0.79878747,0.0061827134,0.0018158758,0.6018066,0.98711327,CALI
140141.87,1426.87892,289.400927,206.73196,2.0180325,0.6531208,137973.03094,154.41356,0.71172676,0.97860932,0.7080773,0.95314988,0.0038523376,0.0016166789,0.8701597,0.99495612,CALI
132360.52,1347.75719,346.164168,267.86818,1.1943562,0.4899941,110344.76218,349.57183,0.88107645,0.98205946,0.6985076,0.69675726,0.003377527,0.0017914188,0.5830369,0.98769031,CALI
71618.4,996.28147,214.634899,318.10544,2.1814823,0.892412,161159.90489,385.41671,0.86211553,0.98460725,0.7295895,0.6901325,0.003936153,0.002373642,0.8620363,0.99808253,CALI
94266.79,1395.03898,288.383867,322.26339,2.021179,0.4734986,60512.52283,395.86047,0.72403369,0.97678147,0.7207958,1.05575241,0.0076561481,0.0001278172,0.3938499,0.98741511,CALI
70162.6,686.05954,433.076336,328.06887,1.7426966,1.0033734,81121.6449,270.97472,0.74417596,0.99630312,0.7617237,0.84281581,0.0036701822,0.0018661892,0.9120487,0.98206001,CALI
129408.78,1440.69794,353.651576,329.83491,1.6483374,1.0637285,18939.33029,207.01073,0.79442898,0.98414768,0.7214436,0.91737753,0.0045232945,0.0020745876,0.6440234,1.0013987,CALI
70128.4,1057.99757,384.460295,129.76747,1.1697129,0.9846142,165063.60178,149.02311,0.72666116,0.99712879,0.8952686,0.63988827,0.0051655565,0.0009671986,0.7637266,1.00597062,DERMASON
99453.14,1352.55683,349.223431,259.73039,1.5402011,1.0132523,86731.51005,326.15449,0.91788814,0.9830431,1.0283996,0.97250924,0.0080915829,0.0022511278,0.5578403,0.98565063,DERMASON
77555.3,1182.9908,404.065824,263.2612,1.7264696,0.9808383,100495.02217,145.36272,0.81950925,0.97847295,0.9317039,0.70166584,0.0057714756,0.001300683,0.521201,0.98262136,DERMASON
69890.45,985.13213,407.641246,261.17106,1.8941816,0.851355,154938.90603,94.00001,0.72336681,0.99246598,0.7017984,0.79471356,0.0084600355,0.0025094203,0.4927081,1.01138732,DERMASON
1838.47,1376.68533,440.014013,219.69139,1.1078904,0.4617751,103591.81351,322.51191,0.69280471,1.00088417,0.97482,0.69640192,0.0078266975,0.0031940743,0.4608491,0.99004099,DERMASON
72647.74,537.1749,524.559489,330.68784,2.1576323,0.6056207,144655.04402,356.83324,0.61994954,0.98863491,0.7564478,0.68845993,0.0078275651,0.0012245208,0.6759038,0.98096931,DERMASON
132338.43,269.74681,364.891491,130.48167,1.739921,0.7150113,64668.42259,295.44229,0.61379226,1.00054806,0.916559,0.64436516,0.0048559607,0.0026463,0.4183998,0.98581295,DERMASON
104720.67,994.07753,540.935408,327.97153,1.2012488,0.6467991,98301.95441,213.32894,0.65308293,0.97314271,0.8996686,0.76419678,0.0088279096,0.0020989031,0.5991313,0.98743257,DERMASON
55058.52,1146.74557,91.775246,272.94425,1.7817641,1.0321898,94678.24548,252.05063,0.74838361,0.9874778,0.8799077,0.60444875,0.005499673,0.0011440844,0.522657,0.98848001,DERMASON
68356.22,610.13509,458.68867,244.9803,1.5453726,0.5983678,163682.83369,347.25646,0.66834887,0.98226152,0.9335492,0.80204037,0.0060029471,0.0012644174,0.4439915,0.99402758,DERMASON
137749.38,1378.39785,373.352735,171.44064,1.2982636,0.8465488,35326.90516,356.01062,0.61893309,0.98374931,0.7846974,0.84060445,0.0044815233,0.0015697039,0.4067632,1.0020633,DERMASON
135745.03,1321.53293,326.947866,279.14765,0.9643238,0.7981188,66647.08589,122.72525,0.83586427,0.97521542,0.9103134,0.71492176,0.0070388597,0.0015072689,0.4945324,0.99700517,DERMASON
74725.9,1366.22109,527.42512,207.91629,1.539904,0.7852744,68774.33903,235.42935,0.77973656,0.97625025,0.9656315,0.73750163,0.0069407887,0.0020649142,0.6096827,0.98773615,DERMASON
61805.73,395.05596,385.094028,241.06332,1.9256148,0.6857854,158147.61234,199.48579,0.81230117,0.97957461,0.7166604,0.68164534,0.0054045266,0.0017506421,0.5871922,0.99286304,DERMASON
64738.0,1357.57035,446.452928,293.71835,2.0216916,0.6391587,32898.66189,283.13275,0.75107374,0.99317532,0.8687994,0.83306513,0.0079741511,0.0030239433,0.5819807,0.98523021,DERMASON
93545.3,1290.63933,115.762517,280.82692,1.1863678,0.9282131,154389.46473,103.79679,0.84757222,0.98332211,0.9898133,0.84777527,0.0068058819,0.0001145578,0.7278232,0.98820452,DERMASON
107180.64,806.01182,389.235012,80.88102,1.2834573,1.0394031,5358.77196,267.82262,0.88351863,1.00077162,0.9967097,0.63774672,0.005054816,0.0019529249,0.5519983,0.98475128,DERMASON
120830.88,1427.06483,411.983058,282.93327,1.0594982,0.6167997,82022.26063,334.48168,0.83004265,0.99444042,0.8308457,0.78539719,0.0081566547,0.0024063066,0.4864683,1.00839278,DERMASON
9278.76,1474.03854,380.66787,76.55319,1.1404489,0.6181234,621.33075,91.95491,0.59522945,0.98832874,0.6656251,0.60210645,0.0063228567,0.0016079465,0.3929659,1.0056444,SEKER
120364.82,1394.32716,118.006987,130.98596,1.8668914,0.6866107,59164.71253,221.92383,0.61134595,1.00015232,0.8976212,0.88822678,0.0080285337,0.0019964196,0.4650797,0.98888798,SEKER
1838.47,223.82712,488.572019,303.83947,0.9000388,1.0068469,61051.16309,255.66163,0.84400598,0.98000242,0.9069939,0.60381867,0.0060111319,0.0023992995,0.3929659,0.98424694,SEKER
136457.12,1144.49506,406.63147,200.15979,2.022044,0.8235697,61016.83986,232.37988,0.86988284,0.99476682,0.7738464,0.71621125,0.0082847934,0.0026872258,0.9127945,1.00039773,SEKER
94019.93,1020.4334,528.767519,108.66215,1.9533094,0.5396305,94784.08514,155.5745,0.84681275,0.97731022,0.9675228,0.99433392,0.0075807822,0.0031067226,0.5159125,0.99352328,SEKER
134761.25,911.22748,316.448549,196.48761,2.1374133,0.5375474,56405.45191,282.4532,0.9200378,0.9809503,0.7046172,0.70939278,0.0078336539,0.0018091106,0.4072149,0.98450521,SEKER
45078.55,751.42504,387.999641,128.22085,2.2493217,1.0881051,19601.07349,266.27385,0.76672522,0.99112616,0.9488723,0.68239993,0.0066222904,0.0024993259,0.4238445,1.00211382,SEKER
1838.47,937.20854,308.969805,208.26229,0.9000388,0.4617751,125655.09405,91.95491,0.75092617,0.97292644,0.6656251,0.62689801,0.0089255023,0.0018489395,0.3929659,1.00114096,SEKER
78758.08,1033.81056,109.669351,77.94951,2.1905403,0.7777086,50116.00618,321.15391,0.90675891,0.97761031,0.9494101,0.63782615,0.0072393405,0.0011666774,0.7515636,1.00518508,SEKER
132144.5,1373.33302,395.034621,77.70824,1.0565237,0.9404171,5320.68805,372.01428,0.88182524,0.99388608,0.7381535,0.60372452,0.0040297963,0.0016494323,0.5725681,1.00403575,SEKER
74883.95,624.92205,426.063009,333.52662,1.2976581,0.9819588,144222.74378,341.8081,0.59522945,0.9896272,0.8458696,0.60210645,0.0064469705,0.0014660938,0.433365,1.01148572,SEKER
127135.72,543.18518,496.139039,119.52867,2.080994,1.0866346,88989.81698,330.16529,0.66836152,0.99897692,0.8957827,0.66940327,0.0085482792,0.001792855,0.4491041,0.99951482,SEKER
16577.75,911.31297,303.824557,180.94892,1.6499191,0.8321946,98748.83132,181.77863,0.86966011,0.99305167,0.7604108,0.62539717,0.0071449631,0.0015980834,0.4821766,1.00751574,SEKER
97732.46,1467.62184,142.127202,310.40798,2.2115516,0.8534237,79591.54159,243.282,0.77600474,0.98409682,0.8586407,0.69282753,0.0080052105,0.0017683424,0.9131546,1.00517805,SEKER
74792.65,721.3976,472.789948,203.59311,2.135994,0.9040325,48886.9203,168.05926,0.81523562,0.98261272,0.9649281,0.81124598,0.0079791871,0.0026317318,0.4019248,0.98985083,SEKER
1838.47,1432.13536,91.775246,115.21559,1.1497695,0.9483192,138302.41429,362.31702,0.76987755,0.98925842,0.6656251,0.60210645,0.0077261823,6.46346e-05,0.4190075,1.00621674,SEKER
1838.47,1271.29204,514.294385,76.55319,2.215678,0.4617751,150463.08097,297.57798,0.83938345,0.97723102,0.6656251,0.61497271,0.0071566596,0.0020864991,0.5265128,0.98029137,SEKER
65599.44,817.13081,370.840086,110.95278,1.8985406,0.5479782,122694.94772,273.25069,0.7576825,0.98813502,0.7130485,1.05131622,0.0079998736,0.00194665,0.4056077,0.99160306,SEKER
76087.5,862.7419,369.607132,325.47567,1.7121756,0.8042085,53914.66408,234.44908,0.83471543,0.97912042,0.9386906,1.05356376,0.0058338638,0.0011397119,0.7990531,0.98503776,SIRA
118623.96,459.11516,211.212466,254.25702,0.9575138,0.7724175,77540.49525,232.32489,0.71311932,0.98416475,0.9745125,0.76068359,0.005772319,0.0017543988,0.5152633,1.00903124,SIRA
2477.19,442.72593,437.890523,250.13489,1.1372901,0.4981335,144079.32582,328.29631,0.79247767,0.99032736,0.9458687,0.89523198,0.0055160813,0.0021283821,0.4584912,1.00300652,SIRA
42422.28,509.44522,500.448272,183.31027,1.9146572,0.71925,118436.56152,320.19507,0.66516526,0.98812213,0.6671356,0.95558959,0.0071613757,0.0024263091,0.769397,0.99005796,SIRA
112511.85,1209.71043,445.776692,127.88639,1.1598779,0.6482678,33962.31582,396.4124,0.67402761,0.99844701,0.9611734,0.90737912,0.0083511008,0.0020473235,0.416724,0.99087143,SIRA
1838.47,223.82712,252.333678,87.76682,1.0317186,0.4617751,621.33075,120.84517,0.59522945,0.97997374,0.8596987,0.93076703,0.0059391607,0.0033098525,0.7736723,0.98029137,SIRA
1838.47,223.82712,91.775246,269.0452,0.9000388,0.4617751,621.33075,91.95491,0.68811302,1.00154172,0.8146132,0.90181835,0.0065087023,0.0023459538,0.4617219,0.99828816,SIRA
68097.94,713.02864,175.825731,309.71598,1.9491178,0.4809308,16383.70449,318.85024,0.64765147,0.98586059,1.0061761,1.03702183,0.0042682373,0.0017132219,0.7864,1.00193665,SIRA
135529.95,1169.60406,103.309004,93.64444,1.1514659,0.8090661,9575.24503,257.52123,0.655104,0.9871308,0.9911704,0.92964802,0.0034235565,0.0016899721,0.4604082,1.00090485,SIRA
48430.09,431.28753,437.738252,234.841,0.9695118,0.5233355,64075.34851,156.09937,0.78883004,0.98936409,0.8073956,0.99687979,0.0079768145,0.002220886,0.63926,1.00126481,SIRA
4669.87,271.38087,256.944753,318.38242,1.0437001,0.6599156,3650.52389,266.55807,0.81186286,0.99890664,0.9090799,0.82971275,0.0067818837,0.0019445486,0.8159931,1.00627284,SIRA
8676.19,538.53656,147.887305,174.93673,0.9000388,0.58715,66001.66085,91.95491,0.59522945,0.97864698,0.9682444,0.94486651,0.006391312,0.0010844711,0.8103985,0.99821531,SIRA
31345.69,267.97501,296.946448,238.82947,1.2278699,0.9632967,3436.80417,205.87155,0.76333459,0.97682189,0.6776624,0.86229197,0.0039569037,0.0014047299,0.75881,1.00076025,SIRA
23813.91,668.15337,412.061775,280.35719,1.4502143,0.9209775,103102.68597,276.40951,0.77920098,0.99102782,0.7977287,0.9029083,0.0040327828,0.002785125,0.6498238,0.9896462,SIRA
23808.14,223.82712,346.41417,76.55319,0.9000388,0.5942088,33000.3211,388.87413,0.7562602,0.9843818,0.788955,0.81423634,0.0053366121,6.46346e-05,0.9026006,0.99109161,SIRA
100868.55,355.10845,292.746006,177.83396,1.7381424,0.8815024,96489.77892,241.90914,0.71514336,0.99821015,0.7933349,0.91879459,0.0051382012,0.0021011378,0.8298241,0.99131145,SIRA
12787.9,719.78049,527.154066,107.16415,1.4952793,0.4617751,96929.81502,91.95491,0.91901289,0.97759872,0.9266405,1.0599893,0.006101612,0.0022157111,0.8579028,0.99624106,SIRA
65886.19,1009.57736,290.490978,239.63809,1.2116805,0.8324053,86107.61348,150.23439,0.80483289,0.98898033,0.9737804,0.8449837,0.0046317545,0.0019707161,0.5379934,0.99547132,BARBUNYA
135807.4,1357.34408,172.715772,121.43508,1.6417914,0.7890019,149893.2738,325.86552,0.89339965,0.99056322,0.753254,1.00196844,0.005656513,0.0012652374,0.7512649,0.99809515,BARBUNYA
25733.04,1292.98186,426.732341,194.46816,1.3236058,0.5649102,42549.0467,240.61075,0.62650556,0.98402858,0.8282293,0.7638712,0.004493939,0.0021845657,0.7509908,1.01084284,BARBUNYA
61649.15,1264.62865,494.426745,76.55319,1.3686385,0.4617751,621.33075,91.95491,0.59522945,0.97292644,0.6656251,0.90161517,0.0054737443,0.0017378711,0.7935824,0.99175984,BARBUNYA
133875.73,868.77104,310.755245,251.53644,1.3435218,1.0319269,128170.14026,222.10168,0.65021436,0.98848467,0.8126747,0.99718492,0.0068843479,0.002286209,0.71985,1.00252852,BARBUNYA
100074.76,887.89506,369.844436,312.56876,1.1796673,1.0560302,68604.70722,244.47337,0.71534026,0.99505973,1.0025505,0.77750941,0.0067463063,0.0014718095,0.7912626,0.9872091,BARBUNYA
56948.12,1291.58887,301.093457,265.4872,1.6166824,1.0500033,161422.6069,207.89965,0.76256972,0.99013432,0.768455,0.83927145,0.0059466133,0.0022393486,0.8501191,0.99599815,BARBUNYA
144324.37,1359.84819,106.711283,267.05859,1.8064829,0.9162665,92984.42027,312.37093,0.88420314,0.97754354,0.8542781,0.6179243,0.0081804366,0.0027153494,0.82096,1.00294967,BARBUNYA
23061.49,1157.70687,433.054887,269.87595,1.917178,0.4642114,143376.72758,174.65245,0.62787213,0.98167893,0.8086732,0.8935823,0.0043803028,0.0028683302,0.8598532,1.00263006,BARBUNYA
47027.51,1360.28167,396.669248,258.27959,2.111254,0.5090395,15993.60393,303.27271,0.85169899,0.98496397,0.6789945,0.72688309,0.0033392282,0.0023289744,0.7264572,0.99258699,BARBUNYA
47019.36,362.92044,398.385954,278.34514,1.7044468,0.6681578,148931.23292,359.32296,0.74128731,0.99554696,0.8030679,0.77478642,0.0053942059,0.0012641711,0.7015431,0.99978001,BARBUNYA
143900.55,1164.58254,335.016347,238.97219,1.9056418,0.561728,35728.89917,334.28449,0.72305409,0.98052447,1.0152876,0.86435396,0.0075223759,0.0008988882,0.8321704,1.00070146,BARBUNYA
85065.6,549.89482,470.946377,243.71398,1.9631559,0.8174474,68902.94221,347.99969,0.63637662,0.97375485,0.7154857,0.99722857,0.0088251322,0.0015339301,0.8429375,0.98066865,BARBUNYA
71998.63,853.0763,322.56191,296.71487,1.8740406,0.8269088,76355.07961,314.76528,0.91364854,0.97682078,0.7005218,0.92281317,0.0056236648,0.0011122506,0.6447134,0.99480075,BARBUNYA
62103.91,1421.84109,310.719631,129.59238,1.7750375,0.4617751,621.33075,367.75011,0.81447705,0.9789516,0.7091352,0.86743756,0.0054177918,0.0027925739,0.7775884,0.98029137,BARBUNYA
71194.12,1192.8234,458.178029,76.55319,1.1470327,0.4617751,162368.1988,91.95491,0.7815447,0.97292644,0.6780122,0.76453203,0.0076905478,0.0021042489,0.7631639,1.00797036,BARBUNYA
64179.03,752.45774,538.972932,246.60867,1.2120722,0.9946515,160651.3787,318.44259,0.675797,0.97911476,0.9808859,0.74332715,0.0050957123,0.0025169769,0.7951716,1.00443717,BARBUNYA
91854.53,576.7933,462.582777,116.67721,1.4476917,0.71694,73659.2552,338.60946,0.88389661,0.97765213,0.7237057,0.61793847,0.0041587845,0.0017605027,0.8689666,1.00659791,BARBUNYA
101631.47,1156.47125,182.827627,316.163,1.70781,0.6010089,150881.22622,324.75837,0.79813005,0.97554108,0.8713284,0.85275479,0.0053146279,0.0015784495,0.730323,0.98095402,BARBUNYA
123480.96,1265.92996,447.396811,321.65085,1.2495092,0.9935689,151178.54069,349.82948,0.80692577,0.98293098,0.91726,0.96446888,0.0038476755,0.0020498289,0.4969763,1.00743043,CALI
141381.44,1371.31359,388.783728,312.07444,1.375605,0.8110797,129612.06465,273.65019,0.73063537,0.9734023,0.8715311,0.80697862,0.009023954,0.0015183514,0.7119328,0.9854049,CALI
1838.47,1482.50261,538.221937,251.98436,1.0068175,1.0204624,162992.46438,397.96376,0.74477448,0.98827512,1.0190964,0.68397251,0.0033148297,0.0013609497,0.7237788,0.98180536,CALI
120848.21,1341.56774,435.087662,323.74859,1.4725166,0.479654,145888.75023,354.97895,0.8586828,0.99352576,0.892198,0.71285914,0.0074048771,0.0006872793,0.7748849,1.00952778,CALI
129910.85,1366.40758,326.295551,326.02182,1.1334028,0.5756228,133811.87503,164.72555,0.59577039,0.99469708,0.8070811,0.92595798,0.0041765695,0.0016972038,0.4684275,0.9969247,CALI
126246.34,1181.09412,473.247192,317.23743,1.2452503,0.7657304,22044.29117,192.19012,0.75848357,0.99695118,1.0163681,0.99181471,0.0087345428,0.0010800628,0.801452,1.00425139,CALI
141541.24,1383.04683,144.525403,105.20224,1.3246846,0.8629018,88504.36557,413.61658,0.76537297,0.97497412,0.701706,0.8637039,0.0033805646,0.0030275023,0.5359782,0.9929165,CALI
103338.33,1341.67416,539.917328,174.85932,1.2964293,0.6307846,118654.3653,365.88698,0.7487323,0.98578313,0.9047975,1.02594288,0.0033543475,0.002719028,0.5787065,1.00188374,CALI
113009.93,1335.84642,513.767722,318.53157,1.4275763,0.7432219,161911.75119,237.12652,0.86821956,0.9778133,0.7009822,1.03211662,0.0055212826,0.0019947591,0.8541213,0.99086402,CALI
54201.74,1473.34953,470.051936,315.39158,1.0694007,1.0403606,12262.70227,406.31745,0.72475694,0.99375438,0.8525339,0.95226777,0.0047328053,0.0024212581,0.4588286,1.0071951,CALI
120071.67,1475.59979,160.133682,330.68701,0.9432226,0.5073071,94527.03467,385.76291,0.71855423,0.98325854,0.9372126,0.94539945,0.0053842692,0.0015156215,0.5288437,0.98232167,CALI
93981.85,1483.6172,446.037321,324.00255,1.7146274,0.7135953,43452.39415,178.65559,0.83159899,0.99086249,0.9594055,0.76666634,0.005913396,0.0008388117,0.8881537,0.98879947,CALI
130991.75,1384.27673,526.610564,230.3712,2.2321033,0.611774,163957.39135,210.26038,0.6028171,0.99653665,0.9057017,0.84997188,0.0059782304,0.0010947529,0.577603,1.00328624,CALI
127181.31,1461.29043,396.542572,218.85332,1.1046025,0.6326405,126932.84655,173.83258,0.64078082,0.9764717,0.9439703,0.80119704,0.003642315,0.0013208983,0.7859306,0.9877929,CALI
124233.28,1417.55365,498.910846,286.85732,1.113183,0.5212416,136587.52651,404.85722,0.66050845,1.00035821,0.9037612,0.62025735,0.0056235099,0.0029603657,0.8761,1.00187726,CALI
109593.39,1412.15803,483.179306,325.65764,1.1628488,0.6838681,101957.88064,134.34288,0.89359382,0.99790234,1.0264921,0.76508981,0.0065432111,0.0021022756,0.700855,1.00110728,CALI
77359.43,1059.70123,276.307653,311.90945,1.11948,0.7363388,142413.42186,404.13452,0.91680192,0.97926678,0.9701994,0.82938006,0.0040819707,0.0024745196,0.6748865,1.00787974,CALI
143165.56,1383.00676,393.219158,287.09503,1.1816533,0.5317406,28186.39092,409.27115,0.91238659,0.98964408,0.9599004,0.70573808,0.003597218,0.0022837889,0.5383171,0.99729692,CALI
69646.98,935.59129,177.386365,327.46123,0.9258903,0.7100002,127793.00116,408.71003,0.90937294,0.98467925,0.9787501,0.72706584,0.0072967061,0.0018880321,0.7787333,0.99031833,CALI
72305.0,596.86764,349.084733,219.26647,1.3759301,0.7373681,112059.37922,346.12019,0.83353377,0.99355254,0.7704534,0.96476273,0.005615828,0.0017212363,0.4106061,0.99238398,DERMASON
107074.59,1132.16855,478.0404,300.17944,1.656782,0.6928392,65561.41012,119.37534,0.60174618,0.99349604,0.8799685,0.99697434,0.0089120701,0.0008009277,0.4531441,0.99117168,DERMASON
23669.76,1443.58972,118.623568,240.02653,1.4247216,1.0893837,59547.86283,293.27987,0.76689953,0.97933262,0.9577473,0.67880005,0.0041836584,0.0015268564,0.5072705,0.98934524,DERMASON
60848.05,972.93957,181.829396,272.50238,1.3781778,0.9850984,139506.60128,397.27596,0.85290633,0.97618064,0.7597479,0.88277783,0.0074247213,0.0008231216,0.4295321,1.00945192,DERMASON
73450.04,1441.26642,507.847253,328.65391,1.4388365,0.8893002,99042.65077,239.56719,0.90669315,0.99104164,0.9723981,0.83975308,0.0083026962,0.0027876211,0.4144821,0.988779,DERMASON
97279.01,1126.7364,458.959357,220.35963,1.6208713,0.865549,49187.43709,365.742,0.82644825,0.97846562,0.8573616,0.76320055,0.0048025239,0.0011612246,0.6591153,0.98735414,DERMASON
92998.55,1321.23706,507.737933,194.68498,1.9066082,0.6625302,115286.88685,294.67764,0.7602118,0.99814994,0.6688866,0.96718303,0.0059351387,0.0025903526,0.4640318,1.00532047,DERMASON
92950.23,1011.3947,513.633064,287.5042,1.8054056,0.6222627,104781.44159,143.38299,0.85525183,0.99618838,0.8522358,0.65897876,0.0053200629,0.002315102,0.707079,1.01046833,DERMASON
87481.47,1457.80755,383.416795,240.26086,1.8279969,1.0244683,621.33075,280.0192,0.62657045,0.97292644,0.6656251,0.76670803,0.0055302597,0.0023858183,0.605792,1.01010189,DERMASON
61241.66,728.27689,411.346655,247.36828,1.6764708,0.951845,161510.23041,265.83354,0.71906819,0.98237117,0.7463466,0.73008012,0.0040030526,0.0028171403,0.4621069,1.00296283,DERMASON
144709.22,1385.19463,485.099987,269.25713,1.8128426,0.9424534,78424.51225,230.5097,0.75768949,0.97386334,0.86032,1.02415311,0.0076877772,0.0012660988,0.549102,0.98330921,DERMASON
76659.06,224.5075,492.404667,303.52317,1.123049,0.7282667,58473.78734,261.94081,0.64110185,0.98870445,0.9207808,0.68044659,0.0066845702,0.0013214705,0.4707378,0.99874988,DERMASON
120960.58,1361.96393,227.032511,252.28681,2.0270549,1.0724768,152601.71523,411.96715,0.61895013,0.9887257,0.9149467,0.95130851,0.0086889266,0.0014158654,0.5498979,0.99462807,DERMASON
104335.97,889.36229,392.918387,80.66339,1.8487115,0.8396955,101970.75882,241.02507,0.78019511,0.99437925,0.6900608,0.61629093,0.0058012105,0.001586046,0.7088404,0.98910882,DERMASON
102693.99,903.80404,415.185207,260.48665,1.2755401,0.6939028,19669.44256,243.28795,0.66672253,0.98876225,0.7985041,0.69831136,0.0080395391,0.0019293258,0.4277884,0.99737367,DERMASON
117424.48,1339.46478,334.515423,88.51233,1.626993,0.8396068,114601.55734,203.31469,0.67877373,0.9771796,0.7126792,1.0100484,0.0051185776,0.0010290807,0.5128498,0.99996045,DERMASON
19809.63,1435.86444,299.72076,304.74606,1.9303053,0.6157354,92345.75262,276.69106,0.81954819,0.98455444,1.0090293,0.69248009,0.004430309,0.0023862151,0.4943174,0.98375696,DERMASON
141902.94,1002.2627,503.682618,273.46451,1.8956084,1.0358373,50379.38741,208.4032,0.90502592,0.9838281,0.8034972,0.93884092,0.004688523,0.0023337543,0.5996306,1.00138716,DERMASON
35079.12,969.62893,397.549468,300.43408,0.9000388,0.9139568,123893.00429,384.94403,0.59522945,0.97865974,0.9622956,0.72708472,0.0074107524,0.0017536643,0.8380883,0.99322176,DERMASON
114036.81,697.20242,387.529129,206.88995,1.6964906,1.0682566,7015.81591,128.22829,0.7390335,1.00096715,1.0082151,0.78592801,0.0056926287,0.0020923289,0.8794225,0.99403687,HOROZ
3852.48,268.81701,91.775246,224.33333,1.8038969,0.8987461,18817.4778,191.58051,0.61052817,0.98928718,0.7547155,1.06787709,0.008473965,0.0017441705,0.3929659,1.00239189,HOROZ
1838.47,223.82712,91.775246,76.55319,0.9000388,0.4617751,32953.34127,282.76616,0.64504871,0.98463781,0.6656251,0.60210645,0.0033148297,0.0014392759,0.6796674,0.9920996,HOROZ
1838.47,223.82712,231.798383,76.55319,0.9000388,1.0349256,18373.38765,93.46985,0.59522945,0.97292644,0.6656251,0.91847689,0.0083766474,0.0009665456,0.3929659,0.9932647,HOROZ
1838.47,223.82712,315.019237,94.48209,1.3528542,0.4687606,621.33075,91.95491,0.89070698,0.99479288,0.7452319,0.60666707,0.0073244088,0.0020882879,0.6474901,0.98029137,HOROZ
3787.07,725.31727,349.763984,76.55319,2.0620054,0.4617751,8870.9588,406.89164,0.71888673,0.98879834,0.923101,0.82822086,0.0061453661,0.001557045,0.3929659,1.0038115,HOROZ
1838.47,223.82712,106.114955,150.51917,0.9000388,0.4617751,621.33075,333.12303,0.62287101,1.00061328,0.6656251,0.60210645,0.0073547131,0.0021946743,0.8819892,0.98029137,HOROZ
107810.63,345.13948,300.861691,99.74596,0.9280461,0.8001474,22478.81117,285.77568,0.7377064,0.99862079,0.8958858,0.6087518,0.007470914,0.002485264,0.4123689,1.01016428,HOROZ
23459.01,1187.8053,372.780616,135.22768,1.5504564,0.5796027,14832.3911,346.69891,0.86602341,0.98595947,0.9682996,0.85002477,0.0072266259,0.003049523,0.5046976,0.99626626,HOROZ
14029.98,860.1251,181.048194,128.64229,2.0602676,0.9099606,31964.18127,291.93187,0.81390053,0.9956445,0.8794896,0.64615222,0.0051966791,0.0028759481,0.5998783,0.99347938,HOROZ
42292.49,432.22331,513.522013,155.4881,2.1009056,0.7456672,24599.55218,381.46343,0.7168916,0.9996139,0.8534851,0.80127949,0.0071289684,0.0014811009,0.7887769,1.0021059,HOROZ
74340.81,223.82712,91.775246,76.55319,0.9000388,0.983662,621.33075,91.95491,0.7170161,0.97468484,0.6656251,0.60210645,0.0049118027,0.0009504171,0.7688293,0.98479654,HOROZ
15009.46,898.06646,109.042037,252.49643,0.9000388,0.4617751,149369.65243,155.09383,0.81420943,0.98853047,0.6656251,0.60210645,0.0080915134,0.0017308091,0.3929659,0.98029137,HOROZ
15937.67,223.82712,187.737446,76.55319,2.1718832,0.4617751,60260.89931,91.95491,0.59522945,0.99021283,0.6656251,0.60713747,0.0064034357,0.0016223852,0.4292722,0.99789103,HOROZ
42270.75,1060.13008,161.205752,261.7193,2.0811147,0.4680878,5842.0446,145.84214,0.92124511,0.98991347,0.9415956,0.93260809,0.0069259544,0.002346171,0.5116612,0.98321431,HOROZ
1838.47,223.82712,210.487015,76.55319,0.9000388,0.4617751,621.33075,91.95491,0.59522945,0.97292644,0.6656251,0.60210645,0.0065900669,0.0023105601,0.3929659,1.0045195,HOROZ
132219.62,1097.38698,105.662565,146.07193,1.4756099,0.7215114,37350.10766,158.30021,0.79149405,0.99102061,0.9287123,0.89160941,0.0080366325,0.0025916755,0.740719,1.00370275,HOROZ
72281.66,673.67707,287.432535,110.32207,1.8274006,0.5629305,89734.36209,125.39634,0.78880734,0.9947468,0.9944953,0.63108066,0.0040474583,0.0018999653,0.8999036,0.98180666,HOROZ
41600.6,272.81812,175.945539,92.85062,1.4969401,0.5464061,121264.19025,117.32952,0.80274334,0.98477971,0.9021453,0.84138062,0.0067360315,0.0016160584,0.7251468,1.00859066,HOROZ
55173.43,922.26271,176.584871,315.82336,2.1627546,0.8781145,36049.00595,386.16849,0.62194143,0.99842142,0.9775473,0.63787196,0.005994933,0.0014659254,0.7532875,1.00032824,SIRA
41700.58,601.57248,290.419884,231.05352,1.2614428,0.6144626,102951.22424,181.34415,0.9188048,0.99608871,0.9871815,1.01149926,0.0064533556,0.0010699001,0.4737729,0.98029137,SIRA
1838.47,332.72628,475.735662,124.4642,1.0571099,0.7418526,78157.67764,253.44654,0.80324862,0.98228605,0.7328075,0.96278533,0.0037171384,0.0014688946,0.4490241,1.00045548,SIRA
1838.47,223.82712,91.775246,228.80329,0.9000388,0.4617751,50206.20108,360.01795,0.59522945,0.9914506,0.6656251,0.87138494,0.0092104323,0.0015975443,0.9120081,0.98029137,SIRA
102644.58,233.82605,186.322384,324.75432,1.1569387,0.9513179,115661.89348,314.62597,0.74481778,0.99926248,0.782786,1.0112032,0.0077100242,0.002459401,0.7940558,0.99370154,SIRA
1838.47,353.5226,490.237293,254.32176,2.1504704,0.5329003,621.33075,101.88938,0.59522945,0.97375036,0.9376391,0.92109421,0.0063423836,0.0012157406,0.805031,0.98029137,SIRA
1838.47,1023.67927,91.775246,76.55319,0.9000388,0.4985877,90992.42027,98.7179,0.59522945,0.98947784,0.6656251,0.60210645,0.0058339389,0.0027970829,0.9080769,1.00453397,SIRA
38111.52,375.5463,528.213036,277.95391,1.4231816,0.7676651,26733.19324,98.49263,0.85307958,0.99419518,0.7140625,1.04672654,0.0062087421,0.0020679727,0.7586551,0.98096703,SIRA
77423.54,531.31835,512.578653,268.0188,1.4704606,0.9360015,86271.16318,102.34612,0.79123647,0.98074469,0.8005817,0.88974382,0.0072712278,0.0028763488,0.8896781,0.9803153,SIRA
42839.4,1066.87361,262.89961,299.32851,2.1525791,1.0819267,73066.68067,338.92575,0.83616671,0.99379118,0.9994882,0.69967623,0.0060396279,0.0029486254,0.7651042,0.99957859,SIRA
54014.96,1100.65719,232.415162,295.50305,1.1312727,0.8301759,33536.80877,140.58779,0.70471231,0.98504545,0.6712158,0.93805194,0.0078953049,0.0015924806,0.778317,0.98240352,SIRA
92626.96,1381.01472,205.925493,327.89542,2.2463274,0.4869603,28749.5643,369.92639,0.61141134,0.98181899,0.6736599,1.03418718,0.0059307546,0.0005293428,0.460422,0.99392462,SIRA
13239.02,930.17302,218.784115,237.78575,1.3297397,0.4761856,21478.42087,304.29919,0.71368261,0.98384097,0.938039,1.06377348,0.0074407865,0.0011337087,0.7671025,1.00036758,SIRA
59377.11,382.26555,470.820979,124.14543,1.5141754,0.6174242,26198.74933,114.97206,0.75753213,0.97772851,0.9640053,0.93748613,0.0059609894,0.0013576212,0.8772687,0.98051373,SIRA
42235.87,1130.84538,194.167182,229.8145,1.8739457,0.7102079,107531.67672,291.71137,0.65258052,0.98920741,0.9644316,0.84184786,0.0069035793,0.0023940799,0.7869374,0.99793146,SIRA
92893.87,272.05836,486.496965,178.49058,1.810918,0.7507131,55080.65985,117.52929,0.65354407,0.98531507,0.6671333,1.06429156,0.0065856689,0.0023129159,0.8555993,0.98679922,SIRA
22443.05,1452.73646,181.547408,311.00068,0.9000388,0.6377632,621.33075,91.95491,0.77921974,0.98918815,0.9990027,0.94850249,0.0074439336,0.0024740178,0.6153904,1.00941021,SIRA
59678.09,679.83817,541.068437,185.23303,2.2301855,0.4933089,110254.4008,330.08914,0.7437459,0.99860029,0.9655378,1.04245071,0.0047097915,0.0024193457,0.8819686,0.9821463,SIRA
75709.03,1350.19653,257.383259,192.68468,1.2882138,1.0035341,37674.23894,92.31307,0.72160445,0.97940693,0.6926175,0.96327491,0.0036926965,0.0014672977,0.7531242,0.9941466,SIRA
55450.45,919.27634,333.784719,141.75421,1.723605,0.6417454,125096.05305,216.3897,0.77248589,0.99320575,0.8652362,1.05981993,0.0070892851,0.0015560448,0.7093734,1.01161866,BARBUNYA
39862.62,1364.80088,351.676886,301.42467,1.3903103,0.4778782,72628.02344,241.71073,0.8312488,0.97592801,0.9921473,0.9192038,0.0076645883,0.0024279127,0.7951638,0.99977194,BARBUNYA
60939.12,989.20202,309.406814,252.1779,1.0755602,0.5239663,86971.86989,313.87864,0.88014824,0.98620373,0.6968312,1.02065419,0.0075435871,0.0025835591,0.4478246,0.99901759,BARBUNYA
104450.55,917.45805,128.873119,213.68635,1.7885788,0.8131529,157004.20391,301.87426,0.60934354,0.97343119,0.8763915,1.02238028,0.0084784116,0.0008000759,0.6699113,0.99189574,BARBUNYA
130609.24,1278.44174,402.304756,279.35004,1.3576831,0.4713323,121164.7261,98.61519,0.62517219,0.99688588,0.6999688,0.83154264,0.0087961163,0.0023720805,0.9086391,0.98844097,BARBUNYA
25901.53,940.69322,318.758538,285.20343,1.131289,0.7702035,106008.9513,91.95491,0.59522945,0.97641387,0.9480774,0.83642277,0.0051908845,0.0017989168,0.7690725,0.98029137,BARBUNYA
63922.8,1074.00807,326.119604,253.21925,1.3348573,0.5662105,142526.58476,289.19913,0.91192768,0.97317529,0.8760896,0.93470934,0.0065620027,0.0014728538,0.5206013,0.99010751,BARBUNYA
85898.66,1234.00409,128.04978,285.44799,1.8402322,0.5625085,79445.57085,127.11309,0.85354013,0.98042824,0.9239612,0.87257449,0.0051460787,0.0017363412,0.8662356,0.99190062,BARBUNYA
84623.61,1231.46891,356.458689,90.66947,2.084206,0.8549599,53784.30151,218.20063,0.64210881,0.98198102,0.8742952,0.93184283,0.0045419561,0.0021901634,0.8238492,1.00087725,BARBUNYA
115525.63,1204.28116,388.587776,235.59905,1.3434031,0.671852,89242.9155,389.76187,0.61623656,0.992683,0.7481715,0.86668139,0.0065988687,0.0015347414,0.8979844,0.98661269,BARBUNYA
131032.82,1363.65113,147.808046,314.80623,0.9413999,1.0864235,118217.81813,372.54379,0.69085975,0.97745485,0.6830537,0.8331447,0.0057857372,0.0015301928,0.5384836,1.00704476,CALI
1838.47,1384.41077,456.829734,318.45416,1.9273015,0.6680746,155295.45491,135.68497,0.8710666,0.97292644,0.6656251,0.69412322,0.0033148297,0.0023788919,0.4469608,0.99296334,CALI
21787.93,1434.74038,345.330043,332.46404,1.5233879,0.6469635,125058.60159,234.07699,0.66303995,1.00034876,1.0265344,0.61494379,0.0062322405,0.0020324448,0.9043131,0.98650191,CALI
1838.47,1423.64151,350.6929,310.37688,1.6955349,0.4617751,163617.45714,108.76183,0.59522945,0.98952087,0.8548081,1.00263445,0.0041045198,6.46346e-05,0.4390966,1.00397304,CALI
78706.76,1476.61873,523.405457,334.23497,1.9300451,1.0206065,16234.04955,404.35728,0.77610749,0.97405017,1.0170353,0.87422407,0.0075772365,0.0026308581,0.6517999,1.00897196,CALI
53663.14,1326.75317,369.204445,78.66676,1.5679365,0.8722895,147837.19422,406.85877,0.78067289,0.98650478,1.0224923,0.79374087,0.0035243484,0.0017160254,0.9039569,0.99073526,CALI
115449.4,1436.06123,501.655301,101.82998,1.700597,0.5658704,111431.51779,94.82567,0.75396879,0.98415417,0.8104928,0.64944145,0.0039602567,0.0012664187,0.6997212,1.00643367,CALI
15797.49,1404.9092,394.879135,246.59921,2.0601019,0.6641205,160583.10056,351.53258,0.80973574,0.9993395,0.8722928,0.68152296,0.0037807088,0.001322753,0.7858965,0.98419221,CALI
98283.74,1390.16167,195.642967,123.04117,1.9270571,0.6099282,117967.86238,378.03154,0.62236722,0.98620259,0.7969504,0.7503218,0.0039288769,0.0022662685,0.8767799,1.01058537,CALI
140897.07,1340.8935,145.069816,325.19481,0.9850278,0.5403686,154407.20866,304.41462,0.67009216,0.98851266,0.9555562,0.8492017,0.0065652942,0.0023380109,0.5235536,0.98387461,CALI
41769.05,1156.33503,524.69282,317.89999,1.4069752,0.5079522,134674.15793,333.05898,0.59522945,0.97292644,0.6656251,0.65652469,0.0041132493,0.0005543795,0.4114785,1.01148396,CALI
21835.22,1027.19829,462.657569,239.66127,0.9865656,1.0618349,103935.1728,308.21893,0.84147021,0.98460349,0.8423578,0.94544772,0.0075067835,0.0021763213,0.4759568,0.99669835,DERMASON
48347.87,1171.36449,348.064812,76.58924,2.1196881,0.9572432,78965.23482,311.67546,0.59522945,0.97292644,0.6673927,0.77496756,0.0054131332,0.0025433963,0.6935759,0.98979501,DERMASON
52210.5,901.77721,480.554953,262.57821,1.280708,1.0599472,148811.62921,165.89692,0.89189899,0.97997918,0.9050995,0.84012182,0.0053992427,0.0026548295,0.5087336,0.98905718,DERMASON
1838.47,917.44037,523.527611,267.50041,1.7587922,0.4803914,81428.09294,91.95491,0.63974906,0.98471105,0.8622052,0.60210645,0.0042123811,6.46346e-05,0.3929659,0.98029137,DERMASON
39347.54,1209.64056,167.124655,245.45632,2.2485606,0.9759492,89007.41848,204.00575,0.63004261,0.99347712,0.6749704,0.7004554,0.0051837227,0.0022858905,0.4756535,1.00135929,DERMASON
11334.69,430.45251,432.694057,243.25731,1.972191,0.7521482,100925.21262,321.26625,0.84818895,0.9899968,0.9702719,0.72252375,0.0038720902,0.0019080519,0.6947152,0.99784203,DERMASON
48077.41,1451.7334,528.916538,319.05257,2.0566642,0.5656904,114142.6801,144.06753,0.68554807,0.99971488,1.0113362,0.70872701,0.0070604652,0.0020867953,0.7439034,1.00579623,DERMASON
78982.18,1411.5398,328.260261,325.27685,1.0874854,0.9189219,60246.06605,276.27015,0.89082374,0.97722422,1.0268513,0.86573684,0.0057042415,0.0013308506,0.5135576,0.98328216,DERMASON
46485.0,598.17091,445.785722,254.64626,1.1568736,0.7840798,71314.54071,101.24261,0.62812942,0.98662711,0.7918222,0.65733342,0.0044751165,0.0028969412,0.4990068,0.99579406,DERMASON
107535.18,1464.79388,531.673972,186.68353,1.271703,0.5032427,75113.67579,401.92302,0.7799054,0.99150164,0.6658445,0.72864984,0.0079671141,0.0014429702,0.4458954,1.00453297,DERMASON
125442.76,1181.53166,118.975611,234.28978,2.0057656,0.8589384,103183.59314,228.11533,0.61892986,0.97967049,0.9949,1.04292381,0.0045188217,0.0005649052,0.4463111,0.99981608,DERMASON
18667.34,299.91971,419.643515,146.31753,1.4371108,1.0779325,153929.85646,174.26313,0.91465466,0.9839318,0.7755447,0.88785976,0.0081279589,0.001412482,0.5655178,0.99872951,HOROZ
1838.47,467.97164,91.775246,76.55319,0.9000388,0.8408564,77882.67062,193.25194,0.67119723,0.98267925,0.822311,0.60210645,0.0049052009,0.0026016021,0.3929659,0.98552733,HOROZ
121292.16,542.4896,258.536905,240.77672,1.7219784,0.7334424,141482.7777,171.11022,0.59615215,0.99743641,0.9959792,0.6795395,0.0062254878,0.0020007228,0.6282074,0.98588605,HOROZ
1838.47,223.82712,91.775246,76.55319,0.9000388,0.4617751,621.33075,336.51543,0.59522945,0.98616256,0.7043092,0.60210645,0.0033148297,6.46346e-05,0.3929659,0.98029137,HOROZ
96453.44,408.07155,244.013413,79.02666,1.7500966,0.9654118,112221.26235,96.23389,0.69265528,0.97919197,0.9353984,0.74301008,0.0070462074,0.0022468084,0.6004294,1.00950063,HOROZ
9986.98,453.63896,344.14187,163.1328,1.5592338,0.7892566,32954.0528,293.45505,0.59544184,0.99129616,0.7189348,0.86932318,0.0048434976,0.0014395923,0.7873814,0.98839661,HOROZ
22522.42,223.82712,91.775246,152.39926,1.63316,0.503807,4634.60203,92.68741,0.86117156,0.98025503,0.9839639,1.01435717,0.0077759401,0.0019650172,0.8636509,0.98029137,HOROZ
50294.14,564.24764,294.840585,115.4612,1.7570786,1.0695269,159500.31127,179.85169,0.6563533,0.99019935,0.9584746,0.60549647,0.0050764868,0.0014015442,0.7893751,0.99957661,HOROZ
9256.95,245.49569,111.267421,103.94431,1.7448867,0.4922121,28994.52392,412.25512,0.608828,0.97438728,0.6747998,0.94933383,0.0046604872,0.0027717399,0.4505995,1.00229703,HOROZ
62057.4,355.67334,96.546875,255.84728,2.1364531,1.0356114,73475.28229,397.83993,0.83559248,0.99152573,0.7809297,0.81579429,0.006670123,0.0013033742,0.4948021,0.98088097,HOROZ
1838.47,223.82712,91.775246,76.55319,0.9000388,0.4617751,621.33075,91.95491,0.59522945,0.97292644,0.6656251,0.90508593,0.0033148297,6.46346e-05,0.3929659,0.98029137,HOROZ
92451.41,1477.50795,410.14707,138.26738,1.0167973,0.9017689,6851.15969,342.2373,0.72551357,0.98953081,0.7865582,0.6658305,0.0074602224,0.0018187667,0.8515261,0.99989951,SEKER
128958.7,409.92646,311.398274,333.94898,1.5306613,0.9682288,143752.08128,250.6472,0.88043747,0.99866998,0.6665449,0.69013593,0.0072546923,0.0024261957,0.8911926,0.9926904,SEKER
1838.47,980.35857,439.371757,182.07627,2.1704109,0.8674084,87546.2307,91.95491,0.65210899,0.97588127,0.829449,1.01164339,0.0061856344,0.0023988554,0.4340166,0.98029137,SEKER
37177.66,360.84857,502.545123,76.55319,0.9000388,0.8539738,107101.09021,91.95491,0.62750091,0.97595656,0.8777157,0.60210645,0.005321775,6.46346e-05,0.3929659,0.98029137,SEKER
38424.51,1285.48184,544.211105,76.55319,0.9000388,0.8521586,621.33075,133.25161,0.89971718,0.98369642,0.7547901,0.72599253,0.0079038454,0.0019587163,0.505112,0.98029137,SEKER
105337.66,624.65325,292.055193,174.42143,2.1716542,0.8701718,92052.4566,246.22728,0.7487025,0.99872905,0.6659104,0.98996668,0.0075162456,0.0020926776,0.7200525,0.98560711,SEKER
71482.05,795.76598,485.391987,93.59348,2.2455483,1.0583795,955.90301,161.06098,0.77696618,0.98728199,0.7180293,1.05987376,0.0044039722,0.0016378983,0.6823089,0.99759063,SEKER
112148.64,783.64431,247.040396,174.72301,1.289135,0.6614484,104185.91594,147.09479,0.86076102,0.98562461,0.6948797,0.61256351,0.0063584464,0.0013648879,0.5017989,0.99112047,SEKER
73902.31,1473.93859,231.768982,192.17515,1.976778,0.9497782,151476.94496,265.79027,0.85517796,0.99569659,1.0100002,1.0139894,0.0049477215,0.0021387297,0.4632142,1.00687265,SEKER
107180.83,1064.92341,200.108413,205.87988,1.552565,1.0734927,139029.34479,314.02221,0.88167399,0.98126573,0.8054306,0.70409314,0.0061582217,0.0014732052,0.7892471,0.98818521,SEKER
1838.47,223.82712,384.858916,157.97269,0.9000388,0.4617751,16266.7997,111.12539,0.65176069,0.97292644,0.6656251,0.60210645,0.0063944019,0.0006343899,0.4751245,0.98029137,SEKER
