dteday,holiday,weekday,workingday,season,yr,mnth,hr,temp,atemp,hum,windspeed,weathersit,cnt
8.706725,0.064546748996,2.6667006,1.0499884,1.567211,0.05855328,1.23537,10.306862,0.14021598,0.35837087,0.68918896,0.34470031,1,84.29531904864807
12.532112,0.145536363125,0.6715124,1.1612874,0.8172193,0.12218513,0.8796316,12.658842,0.27694839,0.34526652,0.58478069,0.3833513,1,66.9701679827504
3.716791,0.015753440559,1.809492,0.8420168,0.3559493,0.11201984,0.1600245,11.676514,0.25081754,0.30666363,0.56183153,0.40353465,1,79.40541114974307
8.558897,0.088600665331,0.9796172,0.928786,1.3675789,0.07229295,1.0790944,11.608068,0.25794071,0.38434699,0.61566573,0.51503354,1,67.63963915303486
13.924173,0.157882809639,1.3700314,1.1831828,0.7078713,0.11866829,0.5587321,7.319219,0.26262563,0.42057148,0.6042732,0.18692859,1,72.72815309884795
4.861333,0.101485684514,0.7776166,0.8642417,1.4274391,0.024514,0.9598804,6.559748,0.22457986,0.36065766,0.62606865,0.2132597,1,86.23769307878612
10.784221,0.172775045037,1.9654391,0.9683627,1.2193141,0.01142114,0.0805685,10.937207,0.26730087,0.27409971,0.52993506,0.35038865,1,68.7703292829803
11.356796,0.152058809996,0.5472987,1.027994,1.4464945,0.1054652,0.2282625,6.970661,0.15832923,0.31275505,0.39424461,0.33419895,1,85.10406681482371
5.984146,0.115683577955,1.2956752,1.0509478,1.574249,0.09968997,0.9145285,10.5712,0.15158059,0.35536563,0.41828641,0.29478869,1,81.95055690555563
0.331186,0.003324238583,1.6507944,0.9183138,1.1459904,0.16645814,0.0926377,7.598368,0.31738937,0.29310358,0.60388219,0.35526976,1,85.87613554015496
0.005295,3.7864691e-05,3.7448168,0.3659472,0.7352393,2.17e-05,0.8367624,3.649973,0.22832833,0.08754829,0.48109037,0.00015278,1,65.46646572381516
9.070272,0.126443773508,3.1515467,1.119627,1.1368277,0.01251425,0.0153885,12.355794,0.28967333,0.2929998,0.62853253,0.23296772,1,82.61032800119656
12.147113,0.067568220198,2.9977086,1.2267288,0.7062187,0.01355193,1.0275369,9.336823,0.1816584,0.2141258,0.53710043,0.31829667,1,78.14873355093287
12.487542,0.111067600548,1.7858229,0.9683161,0.128905,0.02057385,0.4140884,13.790922,0.31670347,0.26870251,0.55215132,0.32574636,1,84.14794380953043
1.687079,0.068100303411,1.4007769,1.0373977,1.0549212,0.24540193,2.6130595,2.384259,0.21628198,0.27766401,0.38222766,0.24049158,1,68.01726056105778
8.60989,0.078729070723,2.6193941,1.0139421,0.547714,0.17378315,0.4363273,3.378776,0.28197682,0.24293773,0.5856688,0.32113662,1,85.75467680939558
9.070272,0.126443773508,3.1515467,1.119627,1.1368277,0.01251425,0.0153885,12.355794,0.28967333,0.2929998,0.62853253,0.23296772,1,82.61032800119656
9.571283,0.023001777008,1.6371434,1.0587943,1.3201319,0.02916631,0.4037465,11.661979,0.24481916,0.36539987,0.64542717,0.30097243,1,78.21447032075692
6.501546,0.107581831515,2.6037855,1.3157492,1.9213643,0.0057395,0.7375521,12.19211,0.26857549,0.294209,0.42292663,0.23317517,1,74.72046664442331
4.315763,0.076373554766,2.976722,1.2423413,2.0440505,0.00882782,1.2816104,10.524667,0.29017946,0.37779784,0.56437111,0.31754321,1,84.58048693821206
5.433872,0.175010040402,3.8240027,0.9917119,1.4369957,0.12880386,1.4823633,12.112187,0.19682766,0.42739248,0.88265687,0.34763455,1,81.95659947580018
7.373902,0.083586536348,0.6498571,1.1068873,1.0659965,0.06718121,1.6859378,7.18583,0.29758418,0.44310397,0.50745666,0.24687767,1,76.69734405281478
4.247485,0.01875225082,2.2106807,0.9820403,1.8145362,0.25366697,1.3640126,9.310164,0.30704901,0.41107011,0.73173767,0.29403207,1,85.45459367531508
0.348203,0.08758341521,0.4233889,1.0331202,1.7722666,0.03979523,2.3688452,11.149194,0.29665607,0.33929306,0.70512801,0.22511873,1,68.12334557196115
5.292737,0.044220216572,0.6338848,1.0808527,1.0425292,0.06611297,1.4445851,12.581625,0.24496071,0.40188232,0.75465196,0.04395505,1,79.3841465493641
2.79774,0.099021501839,0.8493376,1.0328294,1.6845158,0.19563352,1.3557744,7.087246,0.23286417,0.41854838,0.43694887,0.10322487,1,84.90619514208151
2.270559,0.052728880197,1.661921,1.3577485,1.0161716,0.16124758,0.3956955,10.678996,0.17182988,0.38675866,0.44711241,0.22914629,1,79.77665891431292
6.315416,0.068631373346,3.3640141,0.9215762,1.0315559,0.1960877,2.0494945,2.777087,0.32939035,0.42074662,0.39931512,0.32688153,1,63.97392586515123
7.318537,0.196650162339,1.7439011,0.9360995,0.7232009,0.18079816,0.3989191,7.998345,0.32467878,0.27137312,0.63264519,0.44479311,1,79.2056523571006
8.706725,0.064546748996,2.6667006,1.0499884,1.567211,0.05855328,1.23537,10.306862,0.14021598,0.35837087,0.68918896,0.34470031,1,84.29531904864807
4.038482,0.108083806932,0.4782207,1.0994174,1.2432504,0.08468747,0.208263,12.44872,0.27047288,0.28282619,0.47449836,0.3264358,1,84.58213685628176
0.005295,0.052445631474,0.0025054,0.8384829,0.5871633,0.06548655,2.1926422,3.415905,0.12888552,0.35608503,0.63706052,0.23201731,1,83.342510788559
10.627192,0.204348221421,0.8682591,1.1446272,1.1593213,0.08727374,1.279958,12.7918,0.18349122,0.29228893,0.49971822,0.36801645,1,76.7459295087361
5.777532,0.0273978021,3.0705106,0.8181407,0.85051,0.11463262,2.7735608,2.990623,0.23711558,0.40007907,0.46876067,0.13028313,1,79.30779937776813
14.642619,0.019828392193,3.5474288,0.9296681,0.0882479,0.23943871,1.9366189,2.795914,0.28793469,0.37883592,0.5167861,0.24122037,1,79.67969638079296
8.591393,0.108886472881,0.9292202,1.2417939,1.3186598,0.00586037,1.5726932,11.070298,0.27251956,0.3550379,0.27170637,0.27404788,1,78.4819203604535
10.918646,0.154564172029,1.3436775,0.8851945,1.1321284,0.10274718,0.3880213,10.69338,0.16625744,0.36740726,0.57734048,0.34314382,1,68.73445144011819
9.070272,0.126443773508,3.1515467,1.119627,1.1368277,0.01251425,0.0153885,12.355794,0.28967333,0.2929998,0.62853253,0.23296772,1,82.61032800119656
9.070272,0.126443773508,3.1515467,1.119627,1.1368277,0.01251425,0.0153885,12.355794,0.28967333,0.2929998,0.62853253,0.23296772,1,82.61032800119656
2.270559,0.052728880197,1.661921,1.3577485,1.0161716,0.16124758,0.3956955,10.678996,0.17182988,0.38675866,0.44711241,0.22914629,1,79.77665891431292
2.270559,0.052728880197,1.661921,1.3577485,1.0161716,0.16124758,0.3956955,10.678996,0.17182988,0.38675866,0.44711241,0.22914629,1,79.77665891431292
2.270559,0.052728880197,1.661921,1.3577485,1.0161716,0.16124758,0.3956955,10.678996,0.17182988,0.38675866,0.44711241,0.22914629,1,79.77665891431292
9.241211,0.05034872517,2.3687196,1.0599719,1.3166631,0.23507169,2.948539,11.465322,0.20761295,0.39572206,0.7410785,0.3129445,1,132.89019860089059
13.228479,0.105108633637,2.1665316,1.0231758,0.4705765,0.08731142,1.8270711,10.507009,0.21232969,0.3764993,0.47158027,0.19514848,1,141.79384806056657
4.078496,0.022759733722,2.0654738,1.1191034,0.7633418,0.09966466,1.8015344,11.144616,0.27960393,0.36104757,0.56205577,0.20514122,1,142.56810310216218
6.877342,0.111567340791,2.632746,0.9219421,0.5870579,0.1099693,1.817104,12.087475,0.23836917,0.32621166,0.61016649,0.18230365,1,131.03803571410353
15.507049,0.216903120279,3.5979195,1.0584584,2.2548466,0.13400804,4.0248194,7.135982,0.27129808,0.32483053,0.55900908,0.1616668,1,132.3815537683766
4.532364,0.140187785029,2.9028037,0.843752,0.9084882,0.11767268,0.1914052,4.254241,0.28705281,0.41993496,0.41387966,0.1189978,1,103.98888800123177
10.5259,0.151105746627,3.7830393,1.0812055,0.6789397,0.1147652,0.5046554,10.382262,0.36663115,0.26929176,0.45687017,0.22377829,1,132.83989292849333
10.579586,0.162931069732,0.6313755,0.9868195,1.5399468,0.23108867,2.4874694,6.643831,0.24739,0.39850271,0.43227309,0.22334486,1,137.59170686128627
5.118008,0.021025229245,2.2789483,1.2148976,1.5328816,0.13070086,0.7746512,11.193263,0.12146169,0.37835938,0.42780009,0.08848806,1,99.00925427501089
1.279933,0.015659630299,1.7634695,1.0889241,0.6049823,0.07543734,0.7838607,6.964285,0.29939803,0.29902709,0.47983545,0.23853755,1,108.29403699890938
8.516428,0.033374138176,2.7143881,0.8677902,1.2500137,0.15384404,1.1976737,3.928507,0.19383746,0.1344026,0.45356536,0.09362487,1,124.05217038929459
9.58456,0.193347781897,2.326987,1.0645779,0.2226492,0.05642671,0.8550454,11.565585,0.29726949,0.30770421,0.64307332,0.17515562,1,90.739850796376
11.944068,0.081389933825,2.537915,0.8451676,1.2985532,0.05981554,1.360026,10.732755,0.1757092,0.26992345,0.45792577,0.22597179,1,141.7712438267926
11.58893,0.013197399676,1.6825249,1.027584,1.0298282,2.17e-05,0.6958088,11.917405,0.33617276,0.28829578,0.51387876,0.32351422,1,130.05733680960296
0.984873,0.067538172007,0.4430427,1.104952,1.4968939,0.13197783,1.055226,3.506807,0.26304445,0.35159546,0.55392981,0.17410032,1,131.71897488495011
10.054092,0.01600971818,3.4097195,0.9903551,2.5419233,0.16098258,2.3974097,2.990528,0.3842763,0.25876495,0.51269752,0.38857114,1,104.67807060526714
10.551509,0.155189782381,3.2002614,1.0457855,1.6656491,0.1234147,0.2133573,10.455222,0.25210622,0.27085951,0.5489378,0.18649592,1,93.43491416406027
9.448293,0.095607705414,2.2043509,1.1249681,1.5751379,0.15328556,0.1655063,12.282988,0.24211061,0.34497571,0.49735937,0.23816901,1,114.74885739230135
8.857176,0.145389258862,2.8422785,0.8385858,1.1333548,0.00283611,1.5748922,12.518628,0.25953317,0.3336347,0.68911481,0.13514261,1,98.31178263730268
4.064411,0.092398136854,2.2546976,1.0166935,0.6319637,0.02271099,3.499357,10.061719,0.24531007,0.28562245,0.48325542,0.25227103,1,143.26503733607026
6.561307,0.084345132113,4.0231714,1.0971282,1.155504,0.10099652,1.1602216,10.502173,0.18350138,0.32145715,0.52283508,0.24292217,1,127.75679203749162
6.024843,0.042637363076,2.4821985,0.9548462,1.2262897,0.17937651,1.8398385,6.746794,0.24208705,0.3824048,0.57987952,0.18177941,1,131.67667502016218
4.244173,0.058555074036,1.9107299,1.0332178,1.2722135,0.23335613,1.0763779,10.577467,0.30254242,0.37725103,0.63027269,0.38063675,1,106.53709612020822
1.017678,0.106406122446,2.3233812,1.110391,0.0667919,0.10323919,2.0721931,11.567495,0.34982491,0.34257171,0.59118307,0.40503308,1,103.22480593634438
4.027163,0.044379904866,1.4421325,1.0640101,1.0773026,0.03388118,3.1226285,13.558229,0.25412834,0.36494493,0.60739881,0.2959393,1,137.3671511492472
3.814365,0.080288752913,1.7481101,0.9466624,0.7446892,0.07373103,2.5296235,6.853879,0.24694094,0.38388297,0.41226628,0.10176365,1,130.91016219902502
3.126487,0.046998541802,1.7210699,1.0840224,0.6986596,0.17656995,0.7722378,10.768049,0.20947689,0.37396568,0.43515128,0.28163919,1,120.57284532205193
5.703075,0.081386938691,4.6820874,1.0847529,1.2046665,0.07355544,2.6210341,3.206311,0.30959091,0.30428621,0.42219871,0.16481183,1,106.58826172635023
6.391624,0.151144504547,2.6182253,1.0089998,1.1712015,0.19703291,0.5768887,6.866739,0.27031288,0.33523959,0.51466292,0.27335969,1,107.16594260991698
9.070464,0.111367546022,3.2395151,1.0684054,1.611926,0.20835675,1.892758,11.019449,0.13949101,0.34214342,0.47818467,0.31967002,1,142.48412837490199
2.057346,0.093917995691,0.9384675,1.0218294,0.6776163,0.09149935,0.2457783,12.334743,0.26399708,0.44376665,0.46703908,0.20690916,1,117.03508412290628
5.597338,0.045447848737,2.0563173,0.9350297,1.3425025,0.04614729,4.8056493,7.010711,0.24718367,0.33360296,0.63193667,0.21455584,1,103.36595706263638
10.832735,0.095014341176,0.6181784,0.9042019,1.0647693,0.1105118,1.546205,11.828696,0.16874477,0.34227028,0.48100922,0.38160622,1,100.18397766709134
7.02245,0.032852295786,3.9848256,0.9765214,1.688623,0.12146819,3.390332,3.581714,0.21368678,0.36351532,0.4158707,0.24346209,1,135.37530441374338
12.477432,0.001077942317,2.2243397,1.1964236,1.9782894,2.17e-05,3.252233,6.62361,0.24809578,0.35590744,0.49338737,0.00015278,1,138.2830076598132
9.954385,0.074482880533,1.8009703,1.1317984,1.2794712,0.01284628,1.3275011,10.858499,0.25356552,0.35684496,0.30655318,0.30160749,1,101.48229643599652
10.55867,0.154481068254,1.7156386,1.0905265,0.8797184,0.27452862,1.013791,9.592576,0.15468375,0.40604073,0.3616434,0.15264982,1,131.92062758140437
9.617178,0.077502004802,3.8257797,1.2462194,1.4809781,0.03658665,1.0548054,11.797361,0.32923442,0.35068041,0.59377348,0.03701492,1,125.20820655342685
9.411298,0.14939185977,2.2017763,0.953996,0.9642733,0.02317826,1.922925,12.539058,0.28698099,0.32208782,0.522466,0.19544277,1,145.44703758199964
1.702011,0.022686215118,2.3918493,1.0682358,1.0747056,0.01431066,1.6031337,9.603605,0.19200329,0.35993823,0.3815729,0.32030416,1,132.29555003307152
1.295952,0.060208380222,1.6197265,1.0583891,0.47956,0.07235833,2.3616703,11.924049,0.26113689,0.26758829,0.38040569,0.28043902,1,142.39904597753468
0.886085,0.107426263392,2.6514633,1.1222526,1.2195029,0.02551339,0.9014869,10.742208,0.16903257,0.2781136,0.40814015,0.26429775,1,90.19663394130784
9.942496,0.005059648771,2.9425294,1.0688192,1.819259,0.2037694,3.3274231,11.285306,0.13504086,0.51738715,0.62646699,0.32157484,1,202.62966134907376
13.051207,0.142218008637,2.4155624,1.0152382,0.3011162,0.25393862,2.6595387,11.384474,0.22524253,0.3706885,0.42762956,0.28434503,1,173.72105698396925
4.142411,0.022527521476,2.1401708,0.9220443,1.4955447,0.07578225,1.9488004,11.76193,0.23884997,0.37572637,0.49296501,0.27809307,1,228.3105955060003
7.7755,0.119632191956,2.3551636,0.9868054,0.3390802,0.04422396,2.1322458,12.350843,0.21963663,0.3587195,0.36995924,0.16542469,1,167.95951327455
15.306127,0.162977904081,1.602975,1.0597886,1.1895281,0.14439695,5.4999251,5.643974,0.2374267,0.37438092,0.462641,0.10910855,1,344.4030980098507
4.832137,0.179697081447,3.6770451,0.8399639,1.8062236,0.06253441,0.0553134,5.526091,0.23965891,0.29350558,0.43470198,0.17476347,1,278.47399291052756
10.490857,0.127432569861,3.6486967,1.0705911,1.0639979,0.17754368,0.576926,10.660228,0.31166923,0.34914976,0.40848902,0.1932476,1,162.19799783777998
12.143621,0.126303255558,0.9547755,1.0758066,1.4763592,0.23029774,2.5949991,5.545168,0.14299203,0.37256929,0.32039437,0.29364023,1,454.2551711572143
5.066099,0.04463981092,3.2266955,0.9750713,1.8683683,0.09371276,1.0169317,11.51766,0.19730593,0.3770414,0.39102262,0.12679264,1,196.8937345912499
1.972884,0.009576343931,2.208739,0.7996499,0.2490403,0.19204724,0.4251778,4.88027,0.21005034,0.325436,0.54284006,0.17011243,1,253.57940200749047
8.342793,0.107536651194,2.2835405,0.924369,0.686621,0.06575251,2.3596408,3.978001,0.25808734,0.2446716,0.47072551,0.0542219,1,190.15648540438897
9.980946,0.154014483094,2.4834528,0.818484,0.5843087,0.16780706,1.0310172,11.19281,0.24662235,0.37687567,0.51526052,0.23005675,1,152.69386267527926
12.526245,0.099786698818,3.0562081,0.9991646,0.9016708,0.41369399,0.9353161,11.032243,0.15884215,0.27114668,0.44249374,0.29921392,1,168.7657691459768
13.036449,0.077690377831,2.6655138,0.9084575,1.2122667,0.00023219,0.6456065,13.388485,0.25517237,0.27907082,0.51433706,0.20588456,1,179.8543745667833
0.782011,0.07733193785,0.9212735,0.8324345,1.195913,0.12744829,1.8353244,4.420297,0.29952982,0.31687698,0.34025544,0.15604156,1,205.5629219008335
9.035428,0.044808167964,3.105423,1.2242197,1.188035,0.19167259,2.9891546,3.079612,0.32004207,0.32425261,0.61201376,0.2794638,1,153.6891720169351
10.16792,0.128909677267,2.9490418,0.8938246,2.628314,0.09316666,0.2788602,11.843305,0.27110377,0.24485366,0.57390094,0.18554778,1,159.16056130894037
0.005295,3.7864691e-05,1.0051297,0.8724544,1.8224394,0.15128888,0.0018579,11.339361,0.17071038,0.36058912,0.48948106,0.22613139,1,172.85035760205102
7.952187,0.164347365499,3.5343039,1.0425149,1.4407694,0.0229575,1.8973997,11.975851,0.2700167,0.32581708,0.3543244,0.01066428,1,166.34301400000092
3.976666,0.113311745226,2.243422,1.3071098,1.0539047,0.16673546,4.544805,11.10696,0.22236151,0.37969857,0.3576799,0.29173532,1,166.75186209976636
6.428168,0.096998073161,4.1403017,0.8550456,1.2657809,0.13855924,1.1202253,10.853197,0.17673396,0.43784487,0.32224688,0.27886748,1,252.44216575025493
5.862062,0.063586674631,1.9008918,0.9034688,0.8552424,0.24831301,2.7029376,5.955273,0.22037709,0.44233006,0.51804465,0.20461695,1,288.03103633103626
3.748302,0.106903016567,2.3482697,0.8979436,0.702759,0.24349453,1.0696291,10.984461,0.29481521,0.38655585,0.34480128,0.03905619,1,224.29277546753482
1.405356,0.117382988334,2.0652823,1.1442984,0.9850523,0.17908202,1.6665184,12.271901,0.31023276,0.3090896,0.29240733,0.28892261,1,158.273968225362
3.104977,0.038777567446,0.6237465,0.9685179,2.5149105,0.01100345,2.1508508,14.020415,0.25946376,0.42341769,0.46314433,0.26889533,1,265.1210221118754
3.442061,0.100013390183,2.336983,0.6758109,1.3028568,0.26197764,2.6499374,6.253936,0.21690519,0.39641184,0.58480567,0.18848221,1,181.59741253882333
1.69176,0.001204070402,2.3230414,0.8279011,1.4097829,0.21644115,0.9404313,10.496032,0.21228074,0.35337022,0.44662771,0.29067248,1,227.29236930265952
4.043437,0.09483178705,4.6506996,0.9786167,1.1773447,0.3249363,2.4805427,4.706387,0.34546912,0.26925772,0.69935435,0.21171178,1,388.4859213106407
7.289453,0.178139686584,2.6258049,0.8638136,1.6166283,0.23869619,0.2373804,5.98317,0.32223657,0.39017004,0.43918419,0.29374576,1,226.29323936874604
9.399497,0.149724155664,2.635736,0.8964636,1.1040816,0.1532495,1.8319942,11.246081,0.18330732,0.33752641,0.53260553,0.23688097,1,146.8043720111758
3.176974,0.120209380984,0.7864855,0.9702998,1.8956436,0.26073295,0.2904603,11.986206,0.25925627,0.35933131,0.4914943,0.20335712,1,182.58716737969021
5.86669,0.074004299939,2.2867038,0.9094614,1.2103294,0.06613085,4.5957861,5.633201,0.20291623,0.33753249,0.48881367,0.26294771,1,346.2651694166662
11.690245,0.214933440089,1.7381676,0.8548702,1.4398513,0.11387771,1.0350299,12.930833,0.22357686,0.25474715,0.47214368,0.21857184,1,149.24061379401212
5.974138,0.007565194275,3.3279693,0.8944113,2.445488,0.16215146,2.213212,4.682986,0.18614554,0.29624739,0.6556825,0.16970159,1,239.44318513187457
13.367455,0.02755157277,2.7910056,1.1960497,1.3443434,0.00128536,4.8456116,4.808866,0.24474649,0.45364094,0.49411187,0.15192357,1,426.99370719187124
9.306747,0.05600156635,1.8443589,0.8450146,1.0639365,0.00714509,2.1550128,10.808125,0.32132274,0.3353456,0.44083601,0.21407206,1,191.02488659800133
10.604292,0.15122166276,2.5689921,0.803848,0.2829382,0.25206274,1.4667164,9.963248,0.17347923,0.36401117,0.32199234,0.25302848,1,209.26217130930385
8.990208,0.06263332814,4.4136529,1.1446975,1.3448547,0.04440691,1.1367769,11.941955,0.281827,0.37295869,0.57535088,0.15100439,1,166.74748073014922
9.897244,0.100445196033,3.2867832,1.0614178,1.0508797,0.00354114,1.6086981,12.401647,0.28546241,0.27490735,0.32098073,0.19368945,1,164.88175747327298
2.254596,0.018910039216,2.862421,1.1118726,0.3978602,0.14409196,1.5496113,9.852867,0.16660628,0.39765343,0.35540739,0.2746349,1,170.96952282337713
0.867828,0.027249634266,2.5434518,1.1935444,0.9319858,0.16417144,2.0854576,11.52959,0.27386725,0.35614544,0.31095394,0.24042703,1,184.10842769569723
0.046896,0.056018941104,2.8735638,0.9499507,0.5240417,0.15447773,1.6449738,11.378432,0.18354411,0.36892986,0.37982866,0.23610437,1,196.70353244040555
7.995015,0.074546061456,1.2682898,0.7349735,2.6070232,0.08378971,0.1143206,8.755877,0.23389544,0.32848155,0.7204808,0.35505441,1,52.710020918905386
10.052637,0.1461622715,0.481992,1.3222049,0.8619527,0.05344528,0.0226314,9.136383,0.25015986,0.29233319,0.41574246,0.22343408,1,45.82041210918437
5.575479,0.148928403854,1.7843806,0.6697449,1.1192569,0.13090557,1.7576854,3.150285,0.21813241,0.34458902,0.62124586,0.14942519,1,60.97359546255333
4.719102,0.065464921296,3.2785468,1.0209498,0.8505039,0.05695794,1.2687014,17.515343,0.26527658,0.38882971,0.52744883,0.36347398,1,55.26992466923339
6.657835,0.068618707359,1.1028396,1.0116296,1.5961782,0.05119433,4.2147965,7.664221,0.1730891,0.44420272,0.72501725,0.27058384,1,63.63371871192184
6.657835,0.068618707359,1.1028396,1.0116296,1.5961782,0.05119433,4.2147965,7.664221,0.1730891,0.44420272,0.72501725,0.27058384,1,63.63371871192184
3.100686,0.031910236925,1.1778576,1.1813586,2.2198493,0.0219585,0.2708847,7.456769,0.31758681,0.33627778,0.39054063,0.26346061,1,62.5179900399408
7.995015,0.074546061456,1.2682898,0.7349735,2.6070232,0.08378971,0.1143206,8.755877,0.23389544,0.32848155,0.7204808,0.35505441,1,52.710020918905386
4.719102,0.065464921296,3.2785468,1.0209498,0.8505039,0.05695794,1.2687014,17.515343,0.26527658,0.38882971,0.52744883,0.36347398,1,55.26992466923339
12.897851,0.024147031829,1.9010844,1.4103214,0.9674698,0.07648788,0.0652516,12.303741,0.25065726,0.2688553,0.48209667,0.3762942,1,61.604079412096894
10.052637,0.1461622715,0.481992,1.3222049,0.8619527,0.05344528,0.0226314,9.136383,0.25015986,0.29233319,0.41574246,0.22343408,1,45.82041210918437
1.025449,0.043179966509,1.4323499,1.0359129,1.5090567,0.05207233,0.0018579,0.115401,0.30211937,0.33744287,0.4713968,0.17932974,1,0.6539047869927999
5.613103,0.089913383126,1.0024759,0.8851616,0.6384121,0.25602415,0.7275672,9.997391,0.18748145,0.26958194,0.71794164,0.34897414,1,61.924722490867616
11.624425,0.033304534853,1.1387675,1.2190856,1.8972121,0.26541632,0.2976165,9.426869,0.31497258,0.23203719,0.50796592,0.52280009,1,58.129565482380194
5.544436,0.021864352748,1.2932805,0.9284028,0.3634854,0.02874149,1.6813803,10.462265,0.29301348,0.28217664,0.84271795,0.30554986,1,49.82267600283408
11.662442,0.086879894137,0.6384184,0.6552233,0.9108799,0.16029708,3.625473,15.799512,0.28041321,0.30926529,0.32673243,0.2341523,1,56.57939161399908
0.005295,0.106716074049,0.7426888,0.9228896,0.3728921,2.17e-05,2.9440374,16.944839,0.2386664,0.34828621,0.43052402,0.17154826,1,48.468179121373474
10.052637,0.1461622715,0.481992,1.3222049,0.8619527,0.05344528,0.0226314,9.136383,0.25015986,0.29233319,0.41574246,0.22343408,1,45.82041210918437
5.75016,0.091584511101,2.0610116,0.9205788,1.8016924,0.25591481,2.4282143,17.145113,0.24153158,0.40158245,0.57386243,0.35129872,1,59.4612676549792
11.662239,0.049036707729,3.4011223,1.0741067,0.9995785,0.18734868,0.9492547,2.758457,0.35630393,0.34703934,0.38890907,0.21723877,1,52.189888067387
3.100686,0.031910236925,1.1778576,1.1813586,2.2198493,0.0219585,0.2708847,7.456769,0.31758681,0.33627778,0.39054063,0.26346061,1,62.5179900399408
9.306394,0.079305171967,1.7191994,1.0823206,0.9205107,0.13012692,1.7240423,17.050753,0.2387401,0.49583367,0.60689944,0.30093512,1,61.29386999282749
14.421674,0.027301920578,0.8325219,0.9315691,1.8659241,0.09048053,0.0618817,7.423431,0.31349701,0.43997183,0.55882645,0.28862447,1,63.73010868423726
3.100686,0.031910236925,1.1778576,1.1813586,2.2198493,0.0219585,0.2708847,7.456769,0.31758681,0.33627778,0.39054063,0.26346061,1,62.5179900399408
2.495916,0.132638424635,1.9457617,0.9479375,1.0561545,0.03979513,1.7448891,16.661032,0.2499337,0.28185055,0.48590747,0.30328506,1,58.1370315630757
0.005295,0.1374964118,0.0025054,0.9557957,1.74472,0.07648788,2.3655329,18.838926,0.25065726,0.2688553,0.47305581,0.16381298,1,25.296906767410807
8.49974,0.084454543889,2.2707744,1.0824649,1.5080106,0.03827772,0.2252809,11.438972,0.29654494,0.30930814,0.75072956,0.36989912,1,58.93311659808162
5.544436,3.7864691e-05,1.2932805,0.9284028,0.9847898,0.11209438,2.8255525,7.303645,0.32259217,0.45644084,0.84271795,0.30554986,1,41.830237682306134
0.005295,3.7864691e-05,3.6198502,0.6331173,0.0004292,0.01726368,0.4879195,16.527445,0.30510977,0.345689,0.62340146,0.2284297,1,51.87941722567432
10.79619,0.11558111757,0.771892,1.1944129,0.7273878,0.00866876,0.7286094,7.554515,0.26817179,0.33134192,0.53372526,0.26529747,1,61.98010589560278
5.658765,0.116804748774,0.0025054,1.2079644,1.5759543,0.03074264,0.0572001,11.183686,0.327095,0.31777012,0.47438908,0.25813797,1,58.973710010137
2.495916,0.132638424635,1.9457617,0.9479375,1.0561545,0.03979513,0.0018579,16.661032,0.2499337,0.28217664,0.48590747,0.30328506,1,57.03441207732006
7.995015,0.074546061456,1.2682898,0.7349735,2.6070232,0.08378971,0.1143206,8.755877,0.23389544,0.32848155,0.7204808,0.35505441,1,52.710020918905386
7.858271,0.113073065877,3.0959711,0.9139834,0.4852858,0.11551818,1.8788381,16.922182,0.23616631,0.34259039,0.50110632,0.2326507,1,63.00648016699631
10.052637,0.1461622715,0.481992,1.3222049,0.8619527,0.05344528,0.0226314,9.136383,0.25015986,0.29233319,0.41574246,0.22343408,1,45.82041210918437
2.495916,0.132638424635,1.9457617,0.9479375,1.0561545,0.03979513,1.7448891,16.661032,0.2499337,0.28185055,0.48590747,0.30328506,1,58.1370315630757
5.75016,0.091584511101,2.0610116,0.9205788,1.8016924,0.25591481,2.4282143,17.145113,0.24153158,0.40158245,0.57386243,0.35129872,1,59.4612676549792
5.658765,0.116804748774,0.0025054,1.2079644,1.5759543,0.03074264,0.0572001,11.183686,0.327095,0.31777012,0.47438908,0.25813797,1,58.973710010137
7.995015,0.074546061456,0.0025054,0.7349735,2.6070232,0.08378971,0.0018579,0.115401,0.23389544,0.29233319,0.41574246,0.35505441,1,-0.09096295630560453
17.166431,0.138749331236,0.8790851,1.0063214,1.1962899,0.01845456,1.5252405,11.006846,0.29818347,0.34655714,0.69511932,0.13396268,1,63.508997381479034
12.897851,0.024147031829,1.9010844,1.4103214,0.9674698,0.07648788,0.0652516,12.303741,0.25065726,0.2688553,0.48209667,0.3762942,1,61.604079412096894
5.544436,0.089913383126,0.0025054,0.9284028,0.0004292,0.25602415,0.7275672,10.462265,0.29301348,0.28217664,0.84271795,0.30554986,1,54.85058034006725
7.178566,0.0896576792,1.6207949,0.9414763,1.6729759,0.12082762,3.985714,16.26594,0.15612838,0.33397558,0.42384243,0.40690979,1,63.31978006273335
6.226686,0.136151328683,1.9490507,1.0583549,1.1425394,0.1954775,1.3101699,10.721804,0.25741276,0.30875239,0.36225867,0.3188751,1,127.10973624637039
9.368481,0.145722940564,0.6558157,0.9907675,1.8707324,0.06804268,1.9048321,9.7194,0.1344499,0.37268251,0.32440612,0.2788808,1,108.16678710259878
4.946877,0.076264299452,2.6148727,0.9662011,1.4795603,0.14713168,2.8318889,7.375782,0.25545517,0.34785879,0.58526868,0.20218101,1,123.97808903063986
3.690229,0.059249341488,2.6771204,0.9894845,1.176419,0.01344451,1.5808756,16.256651,0.1390135,0.41589141,0.48004121,0.22842754,1,87.23820516074278
3.938801,0.019745774567,3.4050074,1.1058717,1.1054021,0.00018896,2.6323814,10.557948,0.1152226,0.32030424,0.43936235,0.26350442,1,139.09023019753513
7.509689,0.148303449154,3.1668227,1.2656229,1.4679677,0.02518095,3.4318714,10.053528,0.2887907,0.47602728,0.53008407,0.20732991,1,140.07014539591236
1.156338,0.071098901331,1.5037313,1.0180451,0.8350549,0.06666093,3.2368641,10.143774,0.28069508,0.45511165,0.52886254,0.35182852,1,131.7201857932709
5.683914,0.14999037981,2.1225524,0.9032074,2.1026683,0.14053367,1.3675514,10.108039,0.23482716,0.33766633,0.59567243,0.08524829,1,115.16958940876327
4.325604,0.172734573483,2.2386503,1.1303463,0.0871115,0.07382669,2.0832875,13.237504,0.23879039,0.34657708,0.54461408,0.37576634,1,106.27634837899787
15.510119,0.097581796348,3.2738614,1.2226309,1.447238,0.05937226,2.1755037,13.113896,0.14713968,0.32610014,0.47121742,0.19517928,1,137.15183096992635
7.675403,0.141401737928,4.0587773,0.9536006,1.0896844,0.02699118,1.3249838,11.399117,0.19564444,0.26587364,0.50761896,0.20746721,1,141.33541445295867
1.316637,0.044411815703,3.039031,0.8500099,1.3122399,0.03224055,2.9231439,14.830061,0.13272978,0.32550743,0.51617658,0.06564484,1,138.52069570888244
0.708949,0.145544588566,2.7210937,1.1103059,1.1371526,0.25905326,0.913155,12.128542,0.21670832,0.30592296,0.52397346,0.26680282,1,128.1372096237079
12.995487,0.05136789754,0.8649853,1.030598,0.7789338,0.20487055,0.46267,12.528364,0.34593385,0.34888345,0.54352701,0.4104178,1,105.8883548946362
9.207636,0.077936954796,2.1793129,0.9585257,1.1878849,0.02412697,3.8465557,9.987878,0.28792936,0.33648661,0.55975837,0.32697895,1,128.12334216935844
13.200393,0.061298314482,2.1268778,0.9032282,0.8171557,0.08407161,2.1749232,11.543748,0.37583905,0.35664073,0.66013187,0.19138004,1,134.14202945108076
12.207709,0.048419240862,1.6994915,1.0115894,0.6538951,0.11086531,2.3161495,12.940637,0.26697725,0.27280307,0.49165428,0.3151356,1,143.0178449079705
11.944068,0.081389933825,2.537915,0.8451676,1.2985532,0.05981554,1.360026,10.732755,0.1757092,0.26992345,0.45792577,0.22597179,1,141.7712438267926
6.321574,0.05925142765,2.8528597,1.0387746,2.1589954,0.22561501,0.4472325,16.368992,0.25522676,0.37703112,0.51807892,0.12009288,1,134.6603427010911
10.6317,0.088444337249,2.2604117,0.9929796,0.8416943,0.19306225,0.8913419,6.693939,0.20164807,0.39896578,0.45244032,0.1383113,1,130.8983175170791
4.925803,0.045008357614,2.0185344,1.2147841,0.3762546,0.04694013,2.9472635,9.73277,0.28552204,0.28916648,0.49107531,0.34870577,1,127.14452237859736
10.211883,0.049460962415,3.1097157,1.1998808,1.227235,0.0304866,2.5063334,11.833499,0.24191178,0.38047642,0.47586727,0.30055782,1,144.9018225689777
13.447192,0.076544843614,1.8179297,0.831551,0.3545507,0.05689852,1.5676075,6.935058,0.30925989,0.42055982,0.53126127,0.22224371,1,109.27643782708208
3.970655,0.041941318661,2.9693038,1.2548134,1.6254783,0.04217187,1.8509508,9.625878,0.32957792,0.46792182,0.52561951,0.1929539,1,95.28391706273935
0.595014,0.16445171833,2.0133717,0.9599893,0.6134292,0.11982497,3.3307967,12.228197,0.26453131,0.3522355,0.48121777,0.35171095,1,139.6089491841649
17.196682,0.118710801005,2.7106178,0.9189025,0.8801649,0.06927305,1.220655,11.131639,0.28267527,0.22175448,0.40089932,0.32024717,1,140.6546980801822
8.234786,0.14043700695,3.1604109,1.2032132,1.3653398,0.12192829,2.5281105,9.034626,0.26246855,0.34543869,0.54702574,0.21256793,1,121.06656058504836
7.613038,0.049520730972,2.3841147,0.9093611,0.8103718,0.02732544,2.7652953,10.911142,0.32767996,0.24758093,0.52736968,0.27387276,1,146.8051916953271
4.521931,0.014669933356,1.3395214,0.9316477,0.5521693,0.03549171,1.9651616,12.985656,0.37233892,0.23446329,0.55202198,0.18974859,1,145.33745036211255
12.793346,0.064727954566,3.813688,1.1377821,1.7717201,0.1781493,0.0018579,9.698928,0.23053993,0.34943059,0.4106172,0.37039915,1,133.8535524766145
3.286735,0.125728771091,1.1623172,1.0029511,1.0749649,0.18903755,2.0432968,10.877804,0.26203993,0.32464558,0.43226585,0.29867166,1,134.3694410867805
5.163669,0.115082599223,2.975451,1.1175258,0.9115973,0.22127707,0.0766802,11.789037,0.22957882,0.33496714,0.59458148,0.16234443,1,109.3260171968642
5.316399,0.048890717328,1.0918692,0.8701235,0.781375,0.08713426,0.7330779,7.670051,0.32090369,0.25539726,0.54443812,0.09996311,1,98.76810117800062
8.218962,0.185482501984,3.491931,0.8899037,1.6308354,0.11478766,1.9534111,11.36374,0.18187003,0.31500804,0.60394043,0.26707616,1,140.3396372833745
6.089053,0.120211981237,2.3549473,1.1078118,1.274233,0.14755046,1.8422642,11.406283,0.26121724,0.40486661,0.46569014,0.2343082,1,145.55395439313617
3.514541,0.149627223611,1.1749305,0.909068,1.3742915,0.02021565,0.5568649,13.922855,0.17758738,0.31802899,0.49369738,0.33445829,1,112.86177144784973
4.067002,3.7864691e-05,3.8525097,0.9738628,1.2566891,0.13008341,3.2252357,15.681722,0.27888137,0.39710486,0.65803599,0.28143939,1,122.55848426459654
4.519987,0.163338422775,2.5252469,1.0765418,1.1117486,0.12073549,3.0511045,11.921704,0.28144228,0.2321707,0.43522188,0.35131064,1,143.34153790365426
11.536042,0.018908759579,0.9853321,0.9024485,0.7310242,0.13973011,0.1143461,7.145607,0.1950471,0.26620901,0.41754839,0.30191329,1,88.4770157018265
15.161017,0.122740313411,1.2482846,1.0019832,0.9266639,0.11488421,1.8957438,11.323794,0.30584201,0.33762482,0.50419742,0.09391069,1,135.57665871082887
10.550406,0.072075799108,0.9107648,1.0236003,0.9343626,0.07226913,3.3038638,12.075285,0.23435861,0.37381479,0.48436546,0.4598079,1,102.11158211950803
5.975083,0.097539380193,2.8710659,0.9822036,1.5189803,0.30340436,1.731548,10.295901,0.27567923,0.3901605,0.63167059,0.22381632,1,145.65036146194896
5.581607,0.082398511469,1.1056697,1.0100219,1.0408685,0.03919958,2.5283244,12.094667,0.1927038,0.32079396,0.54115164,0.28873557,1,112.65659906102275
5.705466,0.067429743707,1.7388049,0.8246024,1.1896476,0.20590726,1.5192851,10.985257,0.27625763,0.34669253,0.392077,0.16494879,1,258.53066703072477
9.46471,0.097500823438,1.274666,0.9181198,2.0341048,0.27481008,2.5123231,10.35538,0.18209514,0.35263273,0.43142313,0.2887826,1,230.5006249132935
4.132255,0.097806110978,3.2401183,0.9380589,1.0486461,0.13616057,2.8196344,6.312384,0.21927202,0.26674652,0.48911953,0.04896065,1,203.53690842835132
2.785239,0.052949670702,3.4088807,1.0669974,0.810064,0.00328148,1.7070456,15.17097,0.20812143,0.43104056,0.33592853,0.28566778,1,164.5607910258818
4.677685,0.012580837123,4.2509255,0.9101291,0.8721939,0.03364608,3.5852647,11.215453,0.16793361,0.4465194,0.62643683,0.27971098,1,224.74374435146484
6.774505,0.069023892283,3.5816758,1.1972697,1.710806,0.09847222,5.2143211,10.139828,0.24089083,0.4430241,0.50042856,0.35911503,1,227.79017549508032
0.526262,0.001781380968,1.675494,0.8720112,1.2921046,0.01049567,2.7555735,10.491178,0.31536528,0.41731846,0.33312625,0.3606151,1,248.8816528466351
5.508282,0.171197414398,3.0029597,1.0419471,1.9736071,0.23063977,1.1515152,9.503142,0.23378074,0.37822932,0.30589959,0.14490728,1,211.2173483885696
4.63605,0.130555137992,3.2133088,1.0300823,1.1803547,0.16282804,2.1000283,14.086835,0.28393662,0.42403272,0.41935939,0.34785792,1,240.84451602571218
16.585695,0.056261826307,4.2962828,1.2483846,1.159314,0.10875593,2.2820461,13.058834,0.15168601,0.39111042,0.55015957,0.2961233,1,166.55336414692246
8.085366,0.155254811049,4.3976297,0.9291938,1.4228708,0.05854959,1.4986585,11.467224,0.26787683,0.28996512,0.3344163,0.25589171,1,202.95543404084782
0.149546,0.051364816725,4.461791,1.0658048,1.0909473,0.00581503,4.6207099,13.305144,0.15403634,0.28685373,0.45554537,0.1985843,1,178.690007371405
0.487437,0.012581330724,3.9976537,0.9933461,0.8455876,0.29047602,1.0798337,11.755054,0.13867305,0.25832939,0.49168527,0.28457835,1,199.287426719649
12.534635,0.017987934873,1.1121517,1.1622645,0.9759315,0.22116302,0.5480813,13.363353,0.42226827,0.41006926,0.61007327,0.33136725,1,159.5549792785964
8.076082,0.026474641636,1.9797348,0.8297387,1.9253809,0.11642879,4.7365208,10.577682,0.34130642,0.34886312,0.64215159,0.28335249,1,219.23935594021464
13.822363,0.024033073336,3.2105424,0.9143213,1.3275815,0.10502221,2.9809511,12.004021,0.29058623,0.34384191,0.31870466,0.27825347,1,340.9857155334931
13.036449,0.077690377831,2.6655138,0.9084575,1.2122667,0.00023219,0.6456065,13.388485,0.25517237,0.27907082,0.51433706,0.20588456,1,179.8543745667833
10.971926,0.073282331228,3.0376709,0.812429,1.327446,0.18091901,1.6690192,10.991547,0.2630184,0.28648999,0.36482793,0.17130865,1,266.8041495027597
6.822279,0.168491110206,3.1100183,1.0485847,1.9424423,0.47877571,0.4472016,14.612332,0.28884438,0.3884849,0.42558879,0.08282463,1,319.36358455185905
10.964209,0.07077679038,2.6872509,1.2017193,1.1012474,0.26235223,0.7507672,6.144157,0.18039216,0.34190902,0.39555559,0.09960135,1,305.5230597459816
4.54942,0.045387528837,1.7015301,1.0943739,0.8843325,0.19506671,3.3372464,10.308172,0.30684438,0.28634027,0.51795775,0.31644636,1,157.67156504219764
11.365841,0.069846324623,3.629025,1.0398618,1.5928323,0.11236099,1.9594907,13.155417,0.21570471,0.57359838,0.41287827,0.18494129,1,256.91188359728204
12.609216,0.089079491794,2.4665508,0.8973179,0.6246727,0.16939361,0.8018791,6.458066,0.32704487,0.4320896,0.49285802,0.3007288,1,161.54647912058314
4.181607,0.035483896732,2.3162227,0.9142154,1.4385592,0.05129859,2.2643158,9.650566,0.31477073,0.31787521,0.44769332,0.20210803,1,200.88662766500835
0.732114,0.151675701141,3.3701723,0.9751479,1.2008142,0.00252745,2.870384,12.838493,0.3853949,0.31793836,0.33969563,0.36569759,1,221.62893527539262
18.501028,0.090445898473,3.3567097,0.7767513,0.1845308,0.14921278,1.677467,13.009034,0.31995872,0.25110769,0.19892669,0.25840583,1,244.39592040937973
8.458281,0.120121650398,3.5218596,1.0277592,1.6984456,0.08104747,3.0902598,10.276904,0.28379336,0.37241146,0.5965426,0.33981961,1,157.587897934297
7.637733,0.022983783856,3.547303,0.8819272,1.0488913,0.08755115,2.4440553,10.683476,0.30461159,0.37785509,0.45023146,0.30437943,1,285.4905000743204
4.669491,0.008389332332,2.8046618,1.028878,0.7706706,0.0297352,2.0040569,13.269923,0.33025283,0.38272056,0.37673539,0.32088584,1,257.7398491245554
13.159038,0.075657784939,2.9990778,0.7693689,1.9496624,0.33049029,1.480976,10.22902,0.25704813,0.35948378,0.45842764,0.23775364,1,304.6724801268563
2.375044,0.068524084985,1.6840575,1.0445201,1.3512392,0.2343688,2.5691566,11.433541,0.22892173,0.32418555,0.4858785,0.26910499,1,204.53108495658296
4.510515,0.113234721124,3.211086,0.7494711,0.8626512,0.20748478,0.8002006,13.001928,0.26759204,0.33016846,0.52420467,0.31314787,1,207.7269643591678
5.729866,0.065986141562,0.3928251,0.4456278,0.9902126,0.0890192,0.5056329,9.400492,0.27278289,0.34485406,0.43575549,0.15612863,1,152.09361753370518
7.498005,0.198331907392,3.2739758,0.9591383,1.4698144,0.19433723,2.3421478,12.151426,0.28917384,0.3110491,0.45409349,0.25960213,1,224.6109441483763
6.795997,0.164267152548,1.9983872,1.0510525,1.234304,0.26657569,2.5381935,11.273481,0.28142622,0.33006504,0.42588705,0.25759703,1,179.7322541205429
4.37742,0.132303789258,1.8820097,0.9485297,1.5913974,0.15217781,0.1744505,14.232437,0.31804371,0.30446008,0.52531642,0.24712487,1,230.77373512584265
4.931253,0.00307138986,3.7094805,1.0962422,1.3387166,0.30900604,2.3132033,14.093314,0.24468084,0.42498681,0.54016984,0.45272166,1,253.15362216183712
5.518058,0.110593102872,3.043813,1.0790681,0.4511949,0.05889273,2.6461678,12.199667,0.36425787,0.2263006,0.31259441,0.2431328,1,181.203588864508
10.142692,0.070664733648,1.8051721,0.5740796,0.942625,0.16163981,0.2375415,6.169724,0.21283104,0.38570637,0.50051868,0.26827103,1,172.59703473147496
16.078171,0.102367915213,1.6011077,1.0031428,0.9181719,0.17675193,2.2921526,11.216728,0.35049006,0.30805451,0.49766511,0.16162126,1,182.3731457298874
10.05125,0.072072952986,0.5987731,0.8284729,0.9567555,0.21214859,2.5484746,11.499959,0.22093235,0.38031027,0.45668256,0.22560325,1,197.62809711097867
5.628516,0.038946390152,2.7921104,0.9335903,0.5036424,0.24013363,1.8222318,10.403987,0.27851859,0.40974748,0.51636297,0.06951715,1,206.38470100134566
6.427041,0.057112757117,1.521861,0.9899921,1.1128572,0.10858934,2.7949324,11.959386,0.25868818,0.37060773,0.53281975,0.25943336,1,178.4390535113282
11.624425,0.033304534853,1.1387675,1.2190856,1.8972121,0.26541632,0.2976165,9.426869,0.31497258,0.23203719,0.50796592,0.52280009,1,58.129565482380194
7.995015,0.074546061456,1.2682898,0.7349735,2.6070232,0.08378971,0.1143206,8.755877,0.23389544,0.32848155,0.7204808,0.35505441,1,52.710020918905386
9.336614,0.157269179821,4.223618,0.798985,1.4299757,0.03143976,0.2415837,3.107978,0.31048328,0.27368927,0.43658945,0.11904603,1,50.41536350723685
11.597415,0.094148896635,2.4341705,0.8183467,0.2647717,0.12634182,5.0486217,15.91577,0.38318062,0.31679448,0.50042295,0.29268685,1,63.792456166344714
5.403864,0.057633709162,1.4879364,0.9152914,0.3472745,0.13579923,4.3307176,15.7368,0.2901172,0.41003481,0.66576898,0.29378736,1,63.462346147323245
10.79619,0.11558111757,0.771892,1.1944129,0.7273878,0.00866876,0.7286094,7.554515,0.26817179,0.33134192,0.53372526,0.26529747,1,61.98010589560278
11.624425,0.033304534853,1.1387675,1.2190856,1.8972121,0.26541632,0.2976165,9.426869,0.31497258,0.23203719,0.50796592,0.52280009,1,58.129565482380194
7.300036,0.208598762751,0.0025054,0.80756,1.0476625,0.1314192,2.8255525,2.627763,0.26906595,0.34291592,0.34266213,0.35177302,1,51.53216921981259
11.662442,0.086879894137,0.6384184,0.6552233,0.9108799,0.16029708,3.625473,15.799512,0.28041321,0.30926529,0.32673243,0.2341523,1,56.57939161399908
6.852903,0.131029471755,1.818576,1.0330689,1.0990831,0.2402305,2.898057,17.471342,0.29177055,0.2854079,0.41665599,0.14800003,1,58.94778107418164
11.624425,0.033304534853,1.1387675,1.2190856,1.8972121,0.26541632,0.2976165,9.426869,0.31497258,0.23203719,0.50796592,0.52280009,1,58.129565482380194
5.613103,0.089913383126,1.0024759,0.8851616,0.6384121,0.25602415,0.7275672,9.997391,0.18748145,0.26958194,0.71794164,0.34897414,1,61.924722490867616
0.005295,0.089913383126,1.0024759,0.8851616,0.3472745,0.25602415,4.3307176,15.7368,0.2901172,0.26958194,0.71794164,0.29378736,1,53.44078301271519
7.798603,0.07349883765,1.2349117,0.941675,1.1566223,0.19916284,3.0788219,17.087845,0.28176269,0.26705071,0.36452946,0.15227675,1,53.32443597742876
0.005295,0.031910236925,1.1778576,1.1813586,1.1192569,0.13090557,0.2708847,0.115401,0.21813241,0.33627778,0.62124586,0.14942519,1,0.5297236933135372
0.005295,0.031910236925,0.0025054,1.1813586,2.2198493,2.17e-05,0.2708847,7.456769,0.21813241,0.33627778,0.39054063,0.26346061,1,49.92425627572402
0.760848,0.013499089517,0.04509,0.9951398,2.7558687,0.24781121,2.4664781,7.614625,0.29373235,0.276328,0.68723619,0.15645504,1,60.98343810390128
0.005295,3.7864691e-05,2.6939883,1.2190856,0.0004292,2.17e-05,0.0018579,0.115401,0.31497258,0.08754829,0.76734364,0.37233084,1,1.1605068593199699
7.178566,0.097199425101,1.6207949,0.9518073,0.0004292,0.12082762,2.5803695,0.115401,0.22123073,0.33336675,0.46284455,0.40690979,1,-0.07451895671181036
13.346019,0.13712964952,1.1635596,1.0817962,0.8205798,0.17948225,0.5899345,6.943379,0.19613427,0.30469531,0.63483691,0.26642576,1,63.51104149130297
5.403864,0.057633709162,1.4879364,0.9152914,0.3472745,0.13579923,4.3307176,15.7368,0.2901172,0.41003481,0.66576898,0.29378736,1,63.462346147323245
5.613103,0.089913383126,1.0024759,0.8851616,0.6384121,0.25602415,0.7275672,9.997391,0.18748145,0.26958194,0.71794164,0.34897414,1,61.924722490867616
7.995015,0.074546061456,1.2682898,0.7349735,2.6070232,0.08378971,0.1143206,8.755877,0.23389544,0.32848155,0.7204808,0.35505441,1,52.710020918905386
1.143029,0.190531760454,1.1774778,1.0791585,1.9359138,0.11332793,0.4791008,10.666013,0.20034096,0.30145365,0.58448404,0.24294101,1,60.393339059659176
9.306394,0.079305171967,1.7191994,1.0823206,0.9205107,0.13012692,1.7240423,17.050753,0.2387401,0.49583367,0.60689944,0.30093512,1,61.29386999282749
11.597415,0.094148896635,2.4341705,0.8183467,0.2647717,0.12634182,5.0486217,15.91577,0.38318062,0.31679448,0.50042295,0.29268685,1,63.792456166344714
9.886384,0.066655054688,0.7426888,0.9625595,0.3728921,0.16562288,3.8497639,16.944839,0.19998886,0.34828621,0.32319856,0.21935834,1,51.064135414903596
12.897851,0.024147031829,1.9010844,1.4103214,0.9674698,0.07648788,0.0652516,12.303741,0.25065726,0.2688553,0.48209667,0.3762942,1,61.604079412096894
3.100686,0.031910236925,1.1778576,1.1813586,2.2198493,0.0219585,0.2708847,7.456769,0.31758681,0.33627778,0.39054063,0.26346061,1,62.5179900399408
13.346019,0.13712964952,1.1635596,1.0817962,0.8205798,0.17948225,0.5899345,6.943379,0.19613427,0.30469531,0.63483691,0.26642576,1,63.51104149130297
13.346019,0.13712964952,1.1635596,1.0817962,0.8205798,0.17948225,0.5899345,6.943379,0.19613427,0.30469531,0.63483691,0.26642576,1,63.51104149130297
3.083644,0.094908811152,2.1002338,1.0610963,0.6719452,0.0262273,0.0295713,3.208511,0.28040043,0.34935653,0.51654464,0.36270028,1,56.981290305722695
7.241404,0.121670030057,1.6830622,0.9550809,1.1670707,0.19690968,3.1729133,11.561748,0.23552948,0.35632312,0.66132981,0.61472601,1,63.211459159221725
6.657835,0.068618707359,1.1028396,1.0116296,1.5961782,0.05119433,4.2147965,7.664221,0.1730891,0.44420272,0.72501725,0.27058384,1,63.63371871192184
10.79619,0.11558111757,0.771892,1.1944129,0.7273878,0.00866876,0.7286094,7.554515,0.26817179,0.33134192,0.53372526,0.26529747,1,61.98010589560278
0.005295,0.084454543889,2.2707744,1.0824649,1.5080106,0.03827772,0.2252809,11.438972,0.25015986,0.30930814,0.75072956,0.22343408,1,60.60001479412861
9.306394,0.079305171967,1.7191994,1.0823206,0.9205107,0.13012692,1.7240423,17.050753,0.2387401,0.49583367,0.60689944,0.30093512,1,61.29386999282749
0.005295,0.035405848175,0.0025054,1.0177397,0.8619527,0.12203714,0.2537343,0.115401,0.2867814,0.53124338,0.41574246,0.22343408,1,-1.7248667741319286
4.493119,0.013879531994,3.6198502,0.6846718,1.7869294,0.21069196,0.5366945,16.663183,0.15000553,0.28526029,0.62340146,0.25636846,1,61.95940197530728
10.79619,0.11558111757,0.771892,1.1944129,0.7273878,0.00866876,0.7286094,7.554515,0.26817179,0.33134192,0.53372526,0.26529747,1,61.98010589560278
6.657835,0.068618707359,1.1028396,1.0116296,1.5961782,0.05119433,4.2147965,7.664221,0.1730891,0.44420272,0.72501725,0.27058384,1,63.63371871192184
12.627456,0.124418258667,2.9920928,0.7217605,1.7744164,0.20951979,0.4302435,3.11867,0.28694993,0.25787547,0.58851194,0.15486634,1,59.659069088041186
7.858271,0.07087187469,0.0025054,0.9929073,0.0004292,0.11551818,2.4892061,16.79928,0.23616631,0.34259039,0.40448001,0.2326507,1,54.74778182307104
7.643413,0.021358417347,3.0086517,1.1583062,1.2458463,0.10272584,0.3769595,8.591222,0.22487347,0.39741448,0.5772509,0.2636615,1,80.85752295551299
7.162366,0.110737748444,2.3439889,1.0166194,2.1207795,0.09949477,2.7002428,8.152019,0.34207812,0.33876652,0.72688884,0.13581525,1,80.09804031184323
8.934098,0.075080610812,3.4029994,1.0891269,2.0634866,0.03670933,0.6784296,8.52341,0.29121131,0.28561059,0.59693855,0.11661473,1,77.562971637203
10.627192,0.204348221421,0.8682591,1.1446272,1.1593213,0.08727374,1.279958,12.7918,0.18349122,0.29228893,0.49971822,0.36801645,1,76.7459295087361
5.403864,0.057633709162,1.4879364,0.9152914,0.3472745,0.13579923,4.3307176,15.7368,0.2901172,0.41003481,0.66576898,0.29378736,1,63.462346147323245
11.880162,0.143625333905,1.2538922,0.9515599,2.2299614,0.09427779,2.3309305,7.859867,0.30650258,0.40522197,0.57970345,0.33428079,1,74.31076711783872
11.220618,0.026325408369,2.9505916,1.2196276,1.1837261,0.1026269,2.1450205,9.165563,0.232124,0.20637929,0.72899342,0.22861119,1,85.17215397160273
6.657835,0.068618707359,1.1028396,1.0116296,1.5961782,0.05119433,4.2147965,7.664221,0.1730891,0.44420272,0.72501725,0.27058384,1,63.63371871192184
9.31505,0.113590188324,1.8814811,1.0355723,0.0009001,0.14902852,1.9294658,13.63685,0.37759557,0.33412358,0.76750302,0.39525777,1,64.44453037265221
7.178566,0.0896576792,1.6207949,0.9414763,1.6729759,0.12082762,3.985714,16.26594,0.15612838,0.33397558,0.42384243,0.40690979,1,63.31978006273335
18.424137,0.124908640981,2.6635563,1.1770242,1.1033943,0.08698659,0.5389943,8.94717,0.33432591,0.37944597,0.5606218,0.20650628,1,82.90514981329255
6.727772,0.215294629335,1.4345597,0.8904197,1.3622196,0.00980828,2.3058288,11.080826,0.20770378,0.28714755,0.6154719,0.2671479,1,72.68379974839365
8.667765,0.136086285114,1.5568112,1.0109979,1.0084251,0.17652659,2.8997679,11.879698,0.24021766,0.26865724,0.73551744,0.34721345,1,74.93317433447478
6.796407,0.124137111008,1.9455769,1.1505868,1.0585973,0.00482914,2.0097246,17.23259,0.32725221,0.28058586,0.41779667,0.18026501,1,66.13588158320412
5.804772,0.062297668308,1.9532515,0.9214024,1.570437,0.10353269,0.1562974,7.491531,0.1928605,0.24214685,0.44436502,0.16406153,1,83.92402959983748
6.925427,0.023778691888,2.2703102,1.0887574,2.3142662,0.04185442,1.8485789,8.265653,0.17718703,0.37194565,0.6656518,0.23031077,1,77.62327631368511
0.773433,0.088765762746,2.1928608,1.1079692,1.3374766,0.19590488,0.4287922,7.200064,0.23665778,0.35642758,0.61046159,0.15704896,1,74.96186898227616
12.29313,0.027832224965,3.3034699,0.8780261,2.090771,0.17125246,3.8700621,8.963778,0.29097065,0.32635754,0.82184887,0.37744039,1,86.75997849537461
9.850079,0.176078036427,0.5539643,0.8679643,0.6502094,0.10874373,0.6972521,14.822572,0.359144,0.37531191,0.63671273,0.3195132,1,84.90092722690615
12.319135,0.129317685962,1.2645485,1.0632337,1.6463643,0.10734724,1.5811384,7.736395,0.34802467,0.43052396,0.50012547,0.18479608,1,84.12686989182141
7.068746,0.020573731512,1.3325851,0.803956,1.3755366,0.09410013,5.2701187,15.395658,0.25338811,0.34541416,0.51182604,0.27378497,1,77.96917229322626
5.386398,0.159456893802,1.5261027,0.7588615,1.4403756,0.04280495,1.1368916,8.696039,0.24064763,0.33361685,0.60156786,0.20836978,1,83.9961443087051
6.657835,0.068618707359,1.1028396,1.0116296,1.5961782,0.05119433,4.2147965,7.664221,0.1730891,0.44420272,0.72501725,0.27058384,1,63.63371871192184
3.002908,0.131775587797,1.6603185,1.0977818,1.4251573,0.04041078,2.5891883,8.736803,0.23247272,0.23669289,0.60074252,0.21690233,1,81.39342008747937
7.858271,0.113073065877,3.0959711,0.9139834,0.4852858,0.11551818,1.8788381,16.922182,0.23616631,0.34259039,0.50110632,0.2326507,1,63.00648016699631
12.532112,0.145536363125,0.6715124,1.1612874,0.8172193,0.12218513,0.8796316,12.658842,0.27694839,0.34526652,0.58478069,0.3833513,1,66.9701679827504
10.332277,0.099641703069,1.9851494,0.8064451,1.1146719,0.04277363,3.6057448,15.826644,0.23486054,0.38608864,0.50223881,0.19198343,1,76.81837740927153
11.220618,0.026325408369,2.9505916,1.2196276,1.1837261,0.1026269,2.1450205,9.165563,0.232124,0.20637929,0.72899342,0.22861119,1,85.17215397160273
3.30061,0.04255387187,1.0302126,0.9353716,0.8314956,0.00186066,2.0108659,10.43414,0.23736148,0.31098604,0.5092597,0.44523463,1,84.97797214772297
11.880162,0.143625333905,1.2538922,0.9515599,2.2299614,0.09427779,2.3309305,7.859867,0.30650258,0.40522197,0.57970345,0.33428079,1,74.31076711783872
10.819065,0.079045251012,1.017702,1.0757468,0.3408108,0.12428773,1.2553037,8.734077,0.29351673,0.27734286,0.53501886,0.15633972,1,85.5280678390488
3.079847,0.149698585272,1.7414163,1.0440103,1.6350372,0.11713476,1.6342821,7.140473,0.23366378,0.39748025,0.61969125,0.24951203,1,79.84208694604128
7.356194,0.079301454127,2.9540753,0.7931529,1.1072724,0.16327126,0.7532215,9.524527,0.2788665,0.3451106,0.77725446,0.358073,1,86.79177973214547
7.759334,0.069143719971,2.0519109,1.3690197,1.6160764,0.18374045,1.363417,8.03235,0.21134152,0.37900844,0.50901347,0.3028008,1,78.25914014034082
10.128458,0.093017138541,2.895354,1.0891782,2.2630267,0.04090362,1.1287622,9.391279,0.31816834,0.36266807,0.55828673,0.33149821,1,86.37357623313333
8.934098,0.075080610812,3.4029994,1.0891269,2.0634866,0.03670933,0.6784296,8.52341,0.29121131,0.28561059,0.59693855,0.11661473,1,77.562971637203
7.986627,0.113073065877,3.0959711,0.9139834,0.8644385,0.11551818,1.8788381,16.70274,0.23616631,0.34259039,0.50110632,0.2326507,1,74.37403431746682
10.554996,0.094305537641,2.4304483,1.0466197,1.5661631,0.09100975,0.2237217,8.252049,0.28733552,0.3423942,0.62992114,0.17336209,1,75.82342170935344
7.356194,0.079301454127,2.9540753,0.7931529,1.1072724,0.16327126,0.7532215,9.524527,0.2788665,0.3451106,0.77725446,0.358073,1,86.79177973214547
10.78287,0.054815474898,0.1037313,1.1188118,1.4551792,0.06192369,2.8623886,9.613045,0.29794806,0.33853909,0.65198165,0.40666309,1,79.8007609253582
6.657835,0.068618707359,1.1028396,1.0116296,1.5961782,0.05119433,4.2147965,7.664221,0.1730891,0.44420272,0.72501725,0.27058384,1,63.63371871192184
17.079943,0.134614184499,0.3884409,1.3760415,1.0593244,0.07927019,1.3652574,8.740423,0.28165674,0.37111318,0.30817175,0.26436007,1,76.5990942826296
10.332277,0.099641703069,1.9851494,0.8064451,1.1146719,0.04277363,3.6057448,15.826644,0.23486054,0.38608864,0.50223881,0.19198343,1,76.81837740927153
8.814453,0.016073824838,4.4499035,1.072364,1.3145458,0.20125878,2.0324593,9.485489,0.29937086,0.2810654,0.44006595,0.26659754,1,214.84516738742627
5.885524,0.109061017632,3.7269917,0.6784064,0.9462913,0.08532363,3.4829092,8.848789,0.26642716,0.33287033,0.52656984,0.16394746,1,221.60967366839608
10.133987,0.051116842777,4.6023068,0.8801562,0.7496307,0.01885425,1.2423286,7.787987,0.31038639,0.34625506,0.37238786,0.11798528,1,190.09021660350413
11.42148,0.230254590511,2.9051366,0.8950791,2.0812666,0.18742321,2.5956161,14.047544,0.38295484,0.38520706,0.31230792,0.39565763,1,324.89880073387957
4.34507,0.065504826605,3.9536943,1.012524,1.6077765,0.21024214,2.5953176,14.620361,0.18524787,0.41473028,0.72268212,0.24711056,1,195.98446671684735
11.0222,0.129291117191,1.8281205,1.1143799,1.8813771,0.11201736,2.7011642,9.601661,0.28680906,0.38194254,0.42977268,0.19677114,1,151.93717435776296
9.460812,0.047654174268,3.0394008,0.8660303,0.9030038,0.22588475,3.6493976,10.456042,0.32826012,0.24541825,0.57202077,0.23989274,1,199.52857630340765
7.968793,0.07217516005,2.0218041,0.8568374,1.5256649,0.10168099,4.0894222,5.746266,0.16683511,0.30960673,0.62165326,0.30223352,1,225.89695674633703
10.829877,0.12414688617,1.2677484,1.0605268,1.849198,0.15030952,3.3442588,13.460464,0.32742059,0.39389542,0.33824915,0.32951695,1,284.3968754907232
6.913424,0.109704680741,1.5753866,0.9157026,1.3664194,0.07063846,2.8770761,14.987756,0.27247897,0.37908494,0.36468834,0.21298844,1,169.4090475119202
16.617771,0.147821992636,1.9583689,0.7940487,2.3495069,0.21609506,1.2847241,8.59442,0.32884943,0.32580698,0.45398673,0.19722797,1,177.3403827901517
6.125206,0.084015913308,3.0907471,0.9073547,1.3614303,0.06876975,3.7264426,9.832198,0.1980879,0.27169153,0.41892242,0.24743518,1,202.6948738537314
6.115222,0.105744592845,3.7841673,1.0393809,0.8586683,0.24066761,4.603301,12.542624,0.25679213,0.25565889,0.6435681,0.37067527,1,147.87206099506537
6.756117,0.022174587473,3.4215019,1.0557349,2.2563813,0.1604708,2.3749804,14.890813,0.333924,0.34916431,0.40584025,0.12267607,1,301.1575997525418
6.349768,0.011387708597,2.2364624,1.0080267,1.5160874,0.10494727,1.6794246,6.702976,0.24745563,0.31555125,0.36645541,0.08494518,1,151.15351661963234
5.600952,0.006695348769,2.0478406,1.0240524,2.0117714,0.12142929,2.7090077,6.735585,0.24907768,0.32211015,0.34157842,0.27534881,1,182.0902031659288
1.573539,0.057647962123,3.4346476,1.0368587,2.2321761,0.23389941,0.5759804,6.353486,0.18503881,0.37391457,0.59378952,0.24185416,1,200.95107867373002
0.005295,3.7864691e-05,0.0025054,0.9652461,0.0004292,0.26272953,3.0326855,7.775218,0.258499,0.4079721,0.37225935,0.43566743,1,146.182903637588
10.333524,0.145511388779,1.7450887,1.066063,1.2850425,0.05902712,3.0000119,14.674907,0.30353868,0.37174106,0.41765746,0.1824674,1,198.92198001512108
13.507242,0.093848198652,2.020504,0.741483,0.6796166,0.1820693,1.7904756,8.795565,0.19317918,0.45839548,0.43124458,0.16683255,1,183.2068086102451
7.082014,0.007591705769,3.2740734,1.0295063,1.8665019,0.13427016,5.1059141,13.256663,0.25896648,0.43494415,0.46938175,0.32588097,1,326.3102206203372
6.220194,0.086700111628,2.417222,0.8275506,1.8248304,0.15113994,2.4503741,9.541819,0.13526233,0.28818098,0.53871161,0.2148457,1,146.66044735599854
7.045388,0.068082332611,2.8513131,0.787182,1.6469618,0.08604389,4.8700342,9.274752,0.20143968,0.33968508,0.58068484,0.22316603,1,164.48453056524306
2.150777,0.117277890444,1.5740432,0.9210352,1.5437499,0.27262706,4.702137,8.551517,0.26590556,0.33744067,0.53783143,0.19010787,1,167.89069283442944
8.549149,0.116890601814,2.6248684,1.0007212,1.2517419,0.167832,1.6426421,14.66123,0.18078265,0.45115668,0.57782632,0.05794311,1,230.45317211787426
14.683244,0.148216232657,3.3525057,1.0167997,1.8649729,0.29650727,2.6981959,13.088937,0.35438821,0.35450315,0.37415889,0.23985112,1,359.7218258719862
12.30596,0.11294143647,3.694145,0.8799063,1.2640219,0.06952334,4.9460149,14.632695,0.256753,0.38482612,0.4954696,0.21518134,1,181.6736374145007
13.137992,0.008485623635,5.9547601,1.0906088,1.4788866,0.12017047,2.4888625,11.786592,0.27316621,0.25328869,0.49858946,0.11736897,1,251.75809029942948
3.483995,0.05482846126,3.1351724,0.8585729,0.9356253,0.18368024,3.449703,9.281926,0.31915307,0.33208942,0.32095617,0.39177841,1,318.5893663295704
12.981672,0.088768385351,3.0181608,0.8487608,1.7530766,0.12953217,3.3213267,9.352515,0.21614587,0.39360198,0.38616776,0.24333456,1,282.07497007622095
11.084552,0.137325227261,2.3091097,1.0432626,1.1852129,0.17461102,3.6186862,9.127664,0.29054362,0.35633418,0.43847212,0.24607463,1,179.59991885083974
3.860525,0.161283493042,4.1389737,1.1442831,1.0845237,0.16713896,1.3612888,6.114172,0.26566216,0.38204968,0.52862501,0.46348307,1,235.36457497057737
6.247203,0.14004984498,4.1475773,0.807729,1.0073322,0.16631398,3.2151582,9.416982,0.28252143,0.31523681,0.56094164,0.3846986,1,202.2627571438146
7.499839,0.090829238296,2.7816353,1.136471,1.5256429,0.23235318,2.6116548,9.109179,0.16629921,0.39037788,0.26942217,0.15630476,1,194.58974498534226
9.644386,0.064943037927,5.1991796,0.8663036,1.8901557,0.014963,1.1767582,11.348792,0.33564538,0.3666698,0.347929,0.25333107,1,280.8135436299697
10.045134,0.118943981826,4.6011767,0.9078792,2.2788851,0.1949939,1.7083548,10.753497,0.32325101,0.32021978,0.66026211,0.13004799,1,164.9867725154128
9.820577,0.059899546206,2.0681229,1.2377148,1.9140785,0.22987773,0.0733542,15.916886,0.25192109,0.33939779,0.5239538,0.29095593,1,159.9011268779067
10.511517,0.129378244281,3.2463653,0.796699,1.2592676,0.13115019,1.5716861,7.671946,0.24516867,0.3977102,0.44393191,0.32955304,1,157.19886685841917
6.137858,0.052315682173,4.5986509,0.8204648,2.3274317,0.36289549,0.8855461,12.262287,0.23284483,0.32068804,0.56392455,0.15062435,1,325.45511491590014
11.942658,0.074888832867,2.3027425,0.7847195,1.8103892,0.08403331,3.4464173,9.145238,0.28481463,0.32797915,0.23805945,0.29571497,1,313.1454832008435
7.495482,0.070415601134,3.9421859,0.8408179,0.3527038,0.12355498,5.5622663,9.630326,0.22867532,0.44971517,0.54574478,0.19107009,1,248.93133495085468
17.295204,0.145017325878,3.2735255,0.7772027,2.1960151,0.22497678,0.3364703,7.188952,0.28740487,0.35584506,0.15064789,0.31739524,1,193.81282548082888
8.865551,0.091521158814,3.2564077,0.9097329,0.8609529,0.12308329,4.6312823,12.695907,0.22491854,0.41043627,0.37809694,0.16878818,1,290.13686983955915
10.79619,0.11558111757,0.771892,1.1944129,0.7273878,0.00866876,0.7286094,7.554515,0.26817179,0.33134192,0.53372526,0.26529747,1,61.98010589560278
5.575479,0.148928403854,1.7843806,0.6697449,1.1192569,0.13090557,1.7576854,3.150285,0.21813241,0.34458902,0.62124586,0.14942519,1,60.97359546255333
13.346019,0.13712964952,1.1635596,1.0817962,0.8205798,0.17948225,0.5899345,6.943379,0.19613427,0.30469531,0.63483691,0.26642576,1,63.51104149130297
0.760848,0.013499089517,0.04509,0.9951398,2.7558687,0.24781121,2.4664781,7.614625,0.29373235,0.276328,0.68723619,0.15645504,1,60.98343810390128
3.100686,0.031910236925,1.1778576,1.1813586,2.2198493,0.0219585,0.2708847,7.456769,0.31758681,0.33627778,0.39054063,0.26346061,1,62.5179900399408
3.100686,0.031910236925,1.1778576,1.1813586,2.2198493,0.0219585,0.2708847,7.456769,0.31758681,0.33627778,0.39054063,0.26346061,1,62.5179900399408
3.738415,0.091731712222,3.2319353,0.5698028,1.6995039,0.12420285,0.5178396,3.641909,0.34280437,0.42420569,0.75385725,0.35231531,1,46.16738441684323
10.052637,0.1461622715,0.481992,1.3222049,0.8619527,0.05344528,0.0226314,9.136383,0.25015986,0.29233319,0.41574246,0.22343408,1,45.82041210918437
7.546036,0.115458101034,2.137651,0.7807481,0.6780574,0.07479006,0.8032875,3.281586,0.21801479,0.41112739,0.50436527,0.25130937,1,58.504027384586664
13.346019,0.13712964952,1.1635596,1.0817962,0.8205798,0.17948225,0.5899345,6.943379,0.19613427,0.30469531,0.63483691,0.26642576,1,63.51104149130297
14.421674,0.027301920578,0.8325219,0.9315691,1.8659241,0.09048053,0.0618817,7.423431,0.31349701,0.43997183,0.55882645,0.28862447,1,63.73010868423726
8.49974,0.084454543889,2.2707744,1.0824649,1.5080106,0.03827772,0.2252809,11.438972,0.29654494,0.30930814,0.75072956,0.36989912,1,58.93311659808162
0.005295,0.153433427215,1.1774778,1.1015103,1.5938812,0.11332793,0.0018579,7.174234,0.05178276,0.30145365,0.65808123,0.196536,1,37.41048289172373
0.005295,0.034840445966,2.1735401,1.0177397,1.9374363,2.17e-05,0.4800307,0.115401,0.2763629,0.34943634,0.54146129,0.34031844,1,1.2122798790261406
10.79619,0.11558111757,0.771892,1.1944129,0.7273878,0.00866876,0.7286094,7.554515,0.26817179,0.33134192,0.53372526,0.26529747,1,61.98010589560278
3.100686,0.031910236925,1.1778576,1.1813586,2.2198493,0.0219585,0.2708847,7.456769,0.31758681,0.33627778,0.39054063,0.26346061,1,62.5179900399408
10.79619,0.11558111757,0.771892,1.1944129,0.7273878,0.00866876,0.7286094,7.554515,0.26817179,0.33134192,0.53372526,0.26529747,1,61.98010589560278
5.350025,0.215580537915,2.1952224,1.0117775,1.8316027,0.17171192,1.4666562,17.560553,0.16946286,0.34198326,0.47213513,0.24947387,1,59.68263175186125
13.346019,0.13712964952,1.1635596,1.0817962,0.8205798,0.17948225,0.5899345,6.943379,0.19613427,0.30469531,0.63483691,0.26642576,1,63.51104149130297
6.315416,0.068631373346,3.3640141,0.9215762,1.0315559,0.1960877,2.0494945,2.777087,0.32939035,0.42074662,0.39931512,0.32688153,1,63.97392586515123
7.555748,0.07087187469,2.5239222,0.9929073,1.5501628,0.07510175,2.4892061,16.79928,0.24070553,0.19093797,0.40448001,0.21533352,1,59.281299160080415
5.754415,0.136508986354,2.7756486,0.8760339,0.7670316,0.12752445,0.7443057,3.386001,0.139714,0.42172402,0.42247483,0.15192415,1,62.22598224504487
0.760848,0.013499089517,0.04509,0.9951398,2.7558687,0.24781121,2.4664781,7.614625,0.29373235,0.276328,0.68723619,0.15645504,1,60.98343810390128
6.657835,0.068618707359,1.1028396,1.0116296,1.5961782,0.05119433,4.2147965,7.664221,0.1730891,0.44420272,0.72501725,0.27058384,1,63.63371871192184
10.052637,0.1461622715,0.481992,1.3222049,0.8619527,0.05344528,0.0226314,9.136383,0.25015986,0.29233319,0.41574246,0.22343408,1,45.82041210918437
14.421674,0.027301920578,0.8325219,0.9315691,1.8659241,0.09048053,0.0618817,7.423431,0.31349701,0.43997183,0.55882645,0.28862447,1,63.73010868423726
11.624425,0.033304534853,1.1387675,1.2190856,1.8972121,0.26541632,0.2976165,9.426869,0.31497258,0.23203719,0.50796592,0.52280009,1,58.129565482380194
11.624425,0.033304534853,1.1387675,1.2190856,1.8972121,0.26541632,0.2976165,9.426869,0.31497258,0.23203719,0.50796592,0.52280009,1,58.129565482380194
10.79619,0.11558111757,0.771892,1.1944129,0.7273878,0.00866876,0.7286094,7.554515,0.26817179,0.33134192,0.53372526,0.26529747,1,61.98010589560278
0.760848,0.013499089517,0.04509,0.9951398,2.7558687,0.24781121,2.4664781,7.614625,0.29373235,0.276328,0.68723619,0.15645504,1,60.98343810390128
10.79619,0.11558111757,0.771892,1.1944129,0.7273878,0.00866876,0.7286094,7.554515,0.26817179,0.33134192,0.53372526,0.26529747,1,61.98010589560278
3.100686,0.031910236925,1.1778576,1.1813586,2.2198493,0.0219585,0.2708847,7.456769,0.31758681,0.33627778,0.39054063,0.26346061,1,62.5179900399408
5.613103,0.089913383126,1.0024759,0.8851616,0.6384121,0.25602415,0.7275672,9.997391,0.18748145,0.26958194,0.71794164,0.34897414,1,61.924722490867616
14.421674,0.027301920578,0.8325219,0.9315691,1.8659241,0.09048053,0.0618817,7.423431,0.31349701,0.43997183,0.55882645,0.28862447,1,63.73010868423726
0.005295,3.7864691e-05,1.1651679,0.9962532,1.1176488,2.17e-05,0.0018579,17.583508,0.3232986,0.22054286,0.42018139,0.20668334,1,42.868547496683526
13.346019,0.13712964952,1.1635596,1.0817962,0.8205798,0.17948225,0.5899345,6.943379,0.19613427,0.30469531,0.63483691,0.26642576,1,63.51104149130297
0.760848,0.013499089517,0.04509,0.9951398,0.0004292,2.17e-05,3.7687895,0.115401,0.29373235,0.276328,0.68723619,0.15645504,1,0.03854570063845325
0.005295,3.7864691e-05,1.1028396,0.80756,0.9847898,0.11209438,0.0018579,0.115401,0.1730891,0.44420272,0.72501725,0.27058384,1,-0.11129997145882059
5.613103,0.089913383126,1.0024759,0.8851616,0.6384121,0.25602415,0.7275672,9.997391,0.18748145,0.26958194,0.71794164,0.34897414,1,61.924722490867616
1.025449,0.043179966509,3.6076579,0.9154181,1.3381989,0.19092144,1.0238576,18.0014,0.30211937,0.36093894,0.4713968,0.17932974,1,53.33187874625984
3.26216,3.7864691e-05,1.333853,0.9853495,0.3634854,0.02874149,0.8893903,10.462265,0.29301348,0.33503634,0.75323987,0.27122283,1,57.34623383457821
14.421674,0.027301920578,0.8325219,0.9315691,1.8659241,0.09048053,0.0618817,7.423431,0.31349701,0.43997183,0.55882645,0.28862447,1,63.73010868423726
16.100775,0.122731670737,3.73087,1.2181289,1.5414991,0.05997217,0.3609367,9.397381,0.29873356,0.41303986,0.53689986,0.37607947,1,82.39700508025985
5.603481,0.062478408217,1.2777208,1.0198662,1.7592804,0.0096574,1.5016119,7.8693,0.27790132,0.36857688,0.44075975,0.29061922,1,83.14796085593636
11.636748,0.139518663287,3.023119,0.9811118,1.9710709,0.16725324,0.9821047,7.737471,0.22078328,0.32133886,0.76279497,0.43312386,1,75.25087916449
1.636703,0.050086531788,1.0096842,0.8869564,0.840121,0.24306637,1.936058,9.360321,0.29609376,0.33563313,0.73233747,0.16367751,1,83.20086914242225
2.358623,0.061124060303,1.991194,0.9446676,1.2831198,0.00989031,1.3167241,7.7888,0.30502021,0.40088362,0.60514838,0.31070173,1,83.65551753659024
2.025496,0.1496681422,0.9738083,1.1143308,0.9742602,0.16738103,1.568229,7.665398,0.22807381,0.23837523,0.52960694,0.29106849,1,74.81881880681829
0.452218,0.119767546654,3.3951628,1.2577156,2.0956371,0.06193037,0.4838451,8.221231,0.3356404,0.4279801,0.52122527,0.29092592,1,76.27657332602196
9.275418,0.14723046124,1.8077893,1.0375525,1.3623457,0.03993565,0.2471857,8.287568,0.32954946,0.36167437,0.55398935,0.14727527,1,79.25260762228226
8.325572,0.092367477715,1.2959462,1.1276152,1.5568613,0.07679376,1.6772565,7.126493,0.25068435,0.33230111,0.49450016,0.29535553,1,85.2838222038743
15.258262,0.137538030744,2.1371965,0.9817169,1.237096,0.09161755,1.0194809,8.316738,0.28779367,0.27537084,0.71873993,0.302376,1,76.53461496367244
12.319135,0.129317685962,1.2645485,1.0632337,1.6463643,0.10734724,1.5811384,7.736395,0.34802467,0.43052396,0.50012547,0.18479608,1,84.12686989182141
7.502906,0.07412660867,2.7639594,1.0884235,2.0505099,0.05071849,1.5508268,7.616002,0.31111491,0.3438389,0.5745104,0.35571712,1,84.92916823248959
1.610716,0.099562294781,1.4702307,1.1975447,2.2901502,0.05209374,2.2245669,9.029216,0.15051343,0.23929347,0.5240438,0.17460899,1,75.56916041942357
8.325572,0.092367477715,1.2959462,1.1276152,1.5568613,0.07679376,1.6772565,7.126493,0.25068435,0.33230111,0.49450016,0.29535553,1,85.2838222038743
9.297295,0.016647100449,1.6082238,1.037076,1.418979,0.14985849,0.8158147,8.805054,0.24297534,0.32770997,0.61591744,0.32563558,1,82.33285297441965
5.603481,0.062478408217,1.2777208,1.0198662,1.7592804,0.0096574,1.5016119,7.8693,0.27790132,0.36857688,0.44075975,0.29061922,1,83.14796085593636
7.356194,0.079301454127,2.9540753,0.7931529,1.1072724,0.16327126,0.7532215,9.524527,0.2788665,0.3451106,0.77725446,0.358073,1,86.79177973214547
6.718485,0.191104531288,2.8468904,1.0906869,1.0583837,0.16689599,1.869601,17.577374,0.1791601,0.48234248,0.56475669,0.0891645,1,77.22689708464048
10.99803,0.032004065812,1.2829607,1.0776938,1.8372118,0.04054525,2.6484518,9.049744,0.28583401,0.31325701,0.64624673,0.13059686,1,83.32987985177866
7.759334,0.069143719971,2.0519109,1.3690197,1.6160764,0.18374045,1.363417,8.03235,0.21134152,0.37900844,0.50901347,0.3028008,1,78.25914014034082
7.858271,0.113073065877,3.0959711,0.9139834,0.4852858,0.11551818,1.8788381,16.922182,0.23616631,0.34259039,0.50110632,0.2326507,1,63.00648016699631
3.227547,0.183393105865,2.2560101,1.2613175,1.8271689,0.07692792,2.0901246,8.053958,0.26578844,0.41580251,0.60146099,0.08696891,1,82.60458499073431
0.331186,0.003324238583,1.6507944,0.9183138,1.1459904,0.16645814,0.0926377,7.598368,0.31738937,0.29310358,0.60388219,0.35526976,1,85.87613554015496
3.079847,0.149698585272,1.7414163,1.0440103,1.6350372,0.11713476,1.6342821,7.140473,0.23366378,0.39748025,0.61969125,0.24951203,1,79.84208694604128
7.759334,0.069143719971,2.0519109,1.3690197,1.6160764,0.18374045,1.363417,8.03235,0.21134152,0.37900844,0.50901347,0.3028008,1,78.25914014034082
12.319135,0.129317685962,1.2645485,1.0632337,1.6463643,0.10734724,1.5811384,7.736395,0.34802467,0.43052396,0.50012547,0.18479608,1,84.12686989182141
10.819065,0.079045251012,1.017702,1.0757468,0.3408108,0.12428773,1.2553037,8.734077,0.29351673,0.27734286,0.53501886,0.15633972,1,85.5280678390488
7.162366,0.110737748444,2.3439889,1.0166194,2.1207795,0.09949477,2.7002428,8.152019,0.34207812,0.33876652,0.72688884,0.13581525,1,80.09804031184323
7.072447,0.097398467362,1.5027785,0.7720798,0.576929,0.07897947,1.9105304,9.26455,0.35763469,0.30456072,0.6793384,0.3001273,1,78.17675748797984
0.331186,0.003324238583,1.6507944,0.9183138,1.1459904,0.16645814,0.0926377,7.598368,0.31738937,0.29310358,0.60388219,0.35526976,1,85.87613554015496
8.03001,0.071102939546,2.379528,1.0606983,1.4448215,0.01197542,0.3537837,7.727226,0.34073433,0.2864289,0.52896255,0.34720677,1,78.99518435040102
4.315763,0.076373554766,2.976722,1.2423413,2.0440505,0.00882782,1.2816104,10.524667,0.29017946,0.37779784,0.56437111,0.31754321,1,84.58048693821206
8.576954,0.056979417801,0.9274022,1.3042524,2.3897054,0.29756778,3.5173571,7.847997,0.30117998,0.42959371,0.5275467,0.18022525,1,76.99620931053104
11.880162,0.143625333905,1.2538922,0.9515599,2.2299614,0.09427779,2.3309305,7.859867,0.30650258,0.40522197,0.57970345,0.33428079,1,74.31076711783872
11.348219,0.038077812642,3.0665548,0.8710151,1.1055712,0.00261757,5.4821134,16.18429,0.32283425,0.37004268,0.47532183,0.21509615,1,71.05459064152858
15.258262,0.137538030744,2.1371965,0.9817169,1.237096,0.09161755,1.0194809,8.316738,0.28779367,0.27537084,0.71873993,0.302376,1,76.53461496367244
1.636703,0.050086531788,1.0096842,0.8869564,0.840121,0.24306637,1.936058,9.360321,0.29609376,0.33563313,0.73233747,0.16367751,1,83.20086914242225
6.925427,3.7864691e-05,2.3393703,1.0887574,1.7004951,0.04185442,1.8485789,8.265653,0.17718703,0.34047702,0.6656518,0.23031077,1,86.56915189854469
6.925427,0.023778691888,2.2703102,1.0887574,2.3142662,0.04185442,1.8485789,8.265653,0.17718703,0.37194565,0.6656518,0.23031077,1,77.62327631368511
0.033271,0.020687701181,3.944387,0.7778563,1.5237513,0.31922823,2.7246556,17.061178,0.31523991,0.31131664,0.47762394,0.17153162,1,81.69597525041203
5.603481,0.062478408217,1.2777208,1.0198662,1.7592804,0.0096574,1.5016119,7.8693,0.27790132,0.36857688,0.44075975,0.29061922,1,83.14796085593636
14.164148,0.024714687839,1.2706034,1.0159131,2.1075113,0.16903877,2.1771302,8.366387,0.23262735,0.27588025,0.66549128,0.29826373,1,78.32683858059099
15.749326,0.115630276501,3.0226495,1.2490847,1.1920522,0.01284344,2.6830344,8.973991,0.30966651,0.38027629,0.55200601,0.22930299,1,107.05538546610299
6.066234,0.166271299124,2.3800428,0.777779,1.2690518,0.0555638,3.4457803,7.828701,0.19353466,0.36619064,0.48922503,0.29081142,1,142.00911361627715
10.773006,0.136937946081,2.6055553,1.0446211,0.7159947,0.25876212,0.1798194,7.947567,0.16547911,0.39446205,0.43840602,0.33870012,1,116.52632714569742
0.651215,0.096365489066,2.9321539,1.0214583,1.2087393,0.10533941,2.3227067,8.645837,0.28716716,0.4399322,0.50776482,0.15692402,1,146.97990312413899
1.342491,0.040645029396,3.5395906,1.1413292,0.0749157,0.00986293,2.1967587,7.952209,0.31046474,0.29101455,0.52578586,0.27272362,1,145.31630315645074
2.600182,0.074509069324,1.9411216,0.9988449,1.1651795,0.06563935,2.4759381,7.693286,0.23225802,0.30233809,0.45928526,0.36117172,1,118.79369290834038
1.536434,0.097380496562,3.7885754,1.208473,1.8290528,0.21712215,1.6310008,7.205661,0.26711845,0.40671346,0.50739735,0.22017731,1,116.7974379657275
8.200631,0.14555002749,2.4346509,1.13989,0.9211852,0.0847194,0.1624484,8.73966,0.27759615,0.40749919,0.30819383,0.23410265,1,107.89540297270852
9.406226,0.092171318829,2.3080842,1.0213312,0.8021293,0.2008363,1.1841413,6.932378,0.2284566,0.37448061,0.6111849,0.14825623,1,103.22570442379315
14.214895,0.128684222698,1.3613805,1.0405328,1.9509207,0.19983533,0.5936873,8.626261,0.24819753,0.32405794,0.43224984,0.30648488,1,94.31511066957009
11.273102,0.122833497822,2.1086316,1.164016,1.6620693,0.16667771,2.6762826,8.202213,0.29583672,0.44400448,0.44283751,0.25413004,1,117.93493966276446
7.511817,0.076368682086,4.1877179,0.9922953,0.8227591,0.06923365,2.6555679,7.592237,0.35785034,0.24413736,0.70715225,0.35778138,1,144.97750406841755
2.010685,0.14548368752,1.2252749,0.9039814,1.5712762,0.27449325,3.6191483,9.038507,0.08882673,0.20993227,0.45829946,0.16813877,1,140.81580922890836
9.485258,0.061225082725,2.8998692,1.0671799,1.4235106,0.05855492,2.2958708,7.251544,0.27535328,0.35076827,0.35227418,0.2673673,1,139.80708814886557
9.826547,0.024270091206,2.478627,1.1285825,0.662971,0.01977889,1.3134323,8.855477,0.30441821,0.32015437,0.46377161,0.31399786,1,103.94621630437784
4.315071,0.036965757608,1.4713651,0.9478705,1.615351,0.02081169,2.1299753,7.55214,0.3578296,0.36952296,0.38825893,0.35129797,1,107.39330982359022
7.172044,0.064552336931,3.863904,0.9958134,1.5180447,0.00058606,2.7522886,8.713554,0.25461996,0.29618642,0.6803019,0.38005301,1,111.46564487121766
3.898971,0.18936572969,2.3856306,0.7751824,2.9127111,0.21001258,2.4839966,16.895285,0.1276442,0.30705348,0.30176833,0.03502743,1,107.56897445783125
13.273623,0.037972845137,1.4636465,0.930355,2.1749775,0.04106645,4.0952663,8.308435,0.13827161,0.3317025,0.63754797,0.21660644,1,100.05006706118463
7.513181,0.086327970028,2.4880848,1.2485287,1.4673252,0.25436929,3.1280198,7.244405,0.23596969,0.39309782,0.5549528,0.36843613,1,120.27877020847218
7.273095,0.073061488569,3.0417221,0.7935781,1.7891362,0.14252613,2.0241885,15.443192,0.21609995,0.28729326,0.46328643,0.23911223,1,117.08088686302906
5.288797,0.128076925874,3.3004954,0.9291558,1.0621238,0.07587321,2.4152474,7.591262,0.28885263,0.42120525,0.54780233,0.11358804,1,142.4791873836581
0.638436,0.009963301942,0.8658625,0.7391167,1.2520097,0.17168804,0.2770995,8.067138,0.35799268,0.39017972,0.53831249,0.20671996,1,98.45764949876882
3.614563,0.118041597307,2.2207904,1.1070812,1.3631004,0.15896232,2.5996146,7.922474,0.17465572,0.33530977,0.53804815,0.4774377,1,108.97505146023829
8.079411,0.166289001703,1.8199177,1.0751208,1.238372,0.1810074,2.7230632,8.54059,0.21406431,0.38968599,0.54007864,0.11001489,1,138.19767578756043
13.830223,0.128840997815,1.3807737,0.9147063,1.2445483,0.27681342,3.5600674,7.063437,0.22169049,0.40939122,0.39945221,0.23336935,1,146.51670665822763
9.659978,0.036147020757,0.6146865,0.8504621,0.5688563,0.31729615,2.1495602,8.937588,0.38276058,0.31079924,0.62192082,0.18883568,1,110.09982925044775
8.864184,0.040421489626,2.7295437,1.1580249,0.9420189,0.24117287,2.913903,7.844469,0.33191851,0.34433913,0.67796004,0.21384609,1,119.1018796260605
7.370615,0.097951836884,3.1260626,0.9326873,0.6152784,0.06530789,2.4299963,8.722054,0.33714148,0.35545918,0.59025675,0.25110355,1,143.07126657922666
1.82232,0.090377122164,3.159672,1.0031905,1.2011961,0.31925917,0.4889796,8.419959,0.3063969,0.28586179,0.57974559,0.22385192,1,117.91972846124388
8.90752,0.11904554069,3.6069381,1.1024497,1.279891,0.19455609,0.7329828,7.576826,0.36667562,0.3270573,0.40998214,0.46159068,1,136.1138567547313
3.947972,0.066596798599,3.3903048,1.0862383,2.2687037,0.07573868,2.2033315,8.897934,0.2786245,0.33017123,0.47707251,0.19763103,1,133.8054363784196
7.812723,0.118593923748,0.7022633,1.0543878,1.2566626,0.2652812,3.1017494,7.880824,0.33219969,0.37667191,0.51533216,0.19234635,1,100.02091522112525
11.365024,0.126118838787,2.0321386,0.9645286,1.3955885,0.10258508,3.6561708,7.775218,0.3724578,0.44071212,0.37225935,0.43566743,1,146.27497979372592
11.096415,0.067749157548,0.0025054,0.7014198,1.6480366,0.08175239,3.2556155,15.400696,0.34085247,0.40858102,0.54129398,0.25161394,1,98.10481525126087
17.486048,0.146064653993,2.8266013,0.9034395,1.9216903,0.17404188,0.7963133,8.182036,0.2544075,0.26877159,0.51988029,0.4023768,1,110.91780983711264
1.068292,0.02748433128,1.9544226,1.0189911,0.0004292,0.19420604,2.1126084,8.349627,0.29263711,0.30310532,0.6191994,0.37747231,1,115.09363908413839
8.54443,0.033374786377,3.3277037,1.3094237,1.5602129,0.11776957,3.4537339,7.923148,0.21048562,0.31132358,0.43511963,0.18339457,1,143.07411700903057
6.965059,0.03416454047,3.3391502,0.9432251,1.9036927,0.15474631,3.000922,7.395149,0.27512226,0.40566722,0.58974868,0.228453,1,133.65254195031403
0.005295,3.7864691e-05,2.6573434,0.9269187,0.0004292,0.15100501,1.2825539,15.609753,0.21916392,0.36315897,0.44323045,0.17233601,1,111.19753022920636
5.169673,0.006555524189,2.0424306,0.9739962,0.9747735,0.11598548,3.134686,7.396834,0.24388058,0.33039519,0.46345225,0.29227629,1,142.81231325969452
12.454327,0.019675061107,1.5295736,1.0958025,0.813649,0.17833175,2.4529994,8.604446,0.30887303,0.36818483,0.61857247,0.25683638,1,104.62066110612223
