sepal_length,sepal_width,petal_length,petal_width,class
7.8955135899139695,4.378557292068216,5.588469095751061,1.6915401595324118,Iris-versicolor
6.674881359842597,3.0946802705829253,5.561074611246374,0.18880408144163568,Iris-versicolor
5.647341416414203,2.6780024572485654,3.775793149365116,1.7857538393490489,Iris-versicolor
5.3516356130543485,4.109233946549992,6.6408761434038865,0.7390234214404536,Iris-versicolor
5.172940540226123,3.595859102548279,4.965512494060944,0.8289474532535834,Iris-versicolor
7.655357234803034,3.5421260066633655,4.586893361357672,0.10054164170908689,Iris-versicolor
5.531936313110089,2.0950423570296235,4.120901654601166,0.6132458193793143,Iris-versicolor
6.507815743205434,2.101711600794705,6.7776764743123135,1.8907034481330862,Iris-virginica
6.478762594628073,3.548387415158702,4.093940481127628,1.1765228192304769,Iris-versicolor
5.172697046575702,2.150482974987668,3.5472541211288573,1.691192181455574,Iris-virginica
7.271640512467727,4.182600749079668,6.334784801315886,0.9098043474492487,Iris-versicolor
4.7031723052623615,3.082767136736427,1.3822743348717577,1.1155296870735405,Iris-setosa
5.4915563053110334,4.093957800463286,5.812387868613967,0.6626339296884618,Iris-versicolor
4.784971085657335,2.2275791597029997,2.3915924886326954,2.301865963980099,Iris-virginica
4.7599723444752495,2.9909653345605074,1.7868173254652668,0.5427348008730224,Iris-setosa
6.39864073329086,3.9120818643527153,6.203683419181281,0.169308288064289,Iris-versicolor
6.776039996732014,3.6524568990030373,2.3585287822599446,2.3637069616215367,Iris-versicolor
6.353105080638783,2.267144203590213,4.506990709708567,1.40037130102246,Iris-virginica
4.304869561618352,4.239171848514245,4.589869917610267,0.2671721086078628,Iris-setosa
5.76231518300006,3.3322523662641137,6.319998395971017,0.41311346779966507,Iris-versicolor
6.205862820598626,4.229107737897509,4.190052143171078,2.425506425325132,Iris-versicolor
6.2931434307297565,3.97549120296181,5.094351067743921,1.0556843726788032,Iris-versicolor
7.355639310516366,2.0533564654853373,2.950248312535516,0.8119799125364476,Iris-versicolor
5.376916445028284,2.3842830374296717,6.525246309536393,1.5293298150245445,Iris-virginica
7.032531689137542,2.9310997051399594,2.788297847564234,2.0879291277257703,Iris-versicolor
5.714949669881965,4.022588793620473,4.179176380708947,2.0570818671184354,Iris-versicolor
4.452313616265853,4.2401380719236865,2.0997833170026032,0.19554966833809173,Iris-setosa
5.865880285494432,3.312084662901391,4.575815011261629,0.6189408942461483,Iris-versicolor
7.409054224488244,3.709997517949666,2.8093128704433568,1.6374105873213654,Iris-versicolor
6.7148985833137385,3.233338866548891,3.8336447942237877,1.8175401527922772,Iris-versicolor
4.642067848387504,3.0563598920478903,2.2468822136234774,0.5011114361095103,Iris-setosa
5.044605070247967,2.769447669829751,2.364444083140313,0.8480724197134663,Iris-setosa
4.775075988256471,4.235110436504492,3.519874669313884,1.318588700738069,Iris-setosa
6.613727634210326,3.894675823027365,1.5580859343251225,1.430495908733157,Iris-setosa
5.224548227590457,3.546166847144121,6.3337579770553365,0.9100729210165448,Iris-versicolor
4.4622864228168515,3.5194291392193735,1.0868390041842395,0.9308767782731244,Iris-setosa
4.389913343894848,3.853597307437032,6.534880308998054,0.4005040469704223,Iris-versicolor
6.765404356630153,2.3434559756151336,5.734222087221815,0.48902758300371896,Iris-versicolor
4.630334823264441,4.380507496138131,5.338920983034956,1.9609858005948695,Iris-versicolor
6.3577077755913916,2.882119919393362,6.353984748215814,1.2511041202043889,Iris-virginica
6.3099320288817955,3.7248172585026795,5.843340500069081,0.5811109811988866,Iris-versicolor
7.230342460526493,2.866941282370215,1.989542966906197,0.45668009756583394,Iris-setosa
6.601821531490535,3.514152105930039,4.314105630388432,1.3455439908741778,Iris-versicolor
4.36201645508128,3.591762112397954,5.565969145494351,0.211486173417049,Iris-versicolor
7.82930141075389,3.1688684705047696,1.4345292055216343,0.6210181632338561,Iris-setosa
4.370392080496444,3.6685750001797928,6.890558453951226,1.2060042517397909,Iris-versicolor
5.024710211472623,3.0192955431654904,4.176430090300329,0.8643099505277635,Iris-versicolor
5.1802179101317245,3.6421972427932783,4.965438346860202,0.7451303539076524,Iris-versicolor
4.784089798442673,2.63096159887107,5.431806249476821,2.4755203748601025,Iris-virginica
5.85730499202108,2.2358663269419794,5.792997895923299,0.45320255445556545,Iris-versicolor
5.447319462839093,2.7984621042932,2.8099256991258064,1.6060956754826623,Iris-versicolor
7.272180990451788,2.6230692216672358,4.15291489836996,0.41543157893509075,Iris-versicolor
5.3659035710083245,3.5181615038162954,5.730981889303683,0.8475573784041209,Iris-versicolor
6.664722723319068,3.0919012038546123,4.101644229643531,0.22631630338932504,Iris-versicolor
7.864499411845994,3.279765642349152,1.8330206280543289,2.181250989847955,Iris-versicolor
6.359327443709306,3.375822439458431,4.0277217846909235,2.067424822773912,Iris-versicolor
7.757642927757923,2.677945379356596,3.923309232094841,1.4771458362224656,Iris-versicolor
5.461128828784307,2.619847234586104,1.6445029604672956,0.7567746538736885,Iris-setosa
6.135137697940751,2.099337032152254,2.4265149592378963,1.5295523710738295,Iris-versicolor
7.181639230099052,3.2997877181737234,6.539180813103124,2.2593757177070932,Iris-virginica
7.263720908476085,3.125487017348782,4.3849863385279,1.1246297602612356,Iris-versicolor
7.299271174117239,3.4707023521017337,1.3023615868803502,0.1810919336857557,Iris-setosa
7.679197752971383,2.996879295547861,4.621049850768731,1.8630063219292674,Iris-virginica
5.74616646047512,3.7621351137941446,5.285149571612035,0.6112752501693967,Iris-versicolor
5.773195622342881,3.424006884126916,6.557778549627514,2.4595042606742092,Iris-virginica
7.327104015520598,3.760562191039843,5.632338476328527,1.1355861447416713,Iris-versicolor
6.750926205503463,4.187926166205062,1.3506587166377124,1.3983259085834205,Iris-setosa
4.795225043110838,2.3300907083102835,6.449906807489505,2.236934991155533,Iris-virginica
7.515360921600967,3.2610441665965126,5.643462104142531,2.2060227871218414,Iris-virginica
6.853189552268574,3.222284656735786,3.1996736055560433,1.8433246199073194,Iris-versicolor
7.762452198435146,3.2399582996925393,2.639409870118355,0.9735944483484958,Iris-versicolor
4.6711845225407185,2.8376537228102214,6.411355833862918,2.4370078109821423,Iris-virginica
4.375201101163525,4.1382651909533585,3.4703165340980786,2.1583971416553105,Iris-versicolor
7.68678479834637,4.106424653444202,6.084308478907038,0.37424593526601857,Iris-versicolor
7.215833221698938,3.2525782630475257,4.025064944376508,2.4866867893650375,Iris-virginica
5.08450729503258,4.377132421925365,1.6551279341471394,1.0835871766931662,Iris-setosa
5.418676368205274,4.381371473624202,3.642792113583366,1.9048699138226057,Iris-versicolor
6.900984408706535,3.8430697951206785,3.5600834937276598,0.44404397594434275,Iris-setosa
5.648017674482965,3.412148621347021,3.202712782848523,2.4880718270097555,Iris-versicolor
4.923100291793237,3.3232049693576773,4.0016158867950224,2.4766044775242673,Iris-virginica
6.05336622611631,3.3670136317477777,5.531384192604981,0.9937317966614838,Iris-versicolor
5.153925748963696,2.898606868400699,2.6863931519014432,2.04278484951317,Iris-versicolor
5.894020738634266,2.8816442775130624,4.0029147522707955,0.9518459075094166,Iris-versicolor
6.492583075070089,2.0733097074360627,3.7676353157996787,2.3135019801519583,Iris-virginica
7.509845275230086,2.0386579344962223,2.387053363974987,1.5155263847807807,Iris-versicolor
6.188187981140183,4.131544690444752,4.6057126417808885,1.7134442608054923,Iris-versicolor
5.829577901845074,3.9450002375954867,2.5368666363278587,0.8838150548373317,Iris-setosa
5.4148432555962644,3.2483969706463602,1.569791700146606,0.12823413095980066,Iris-setosa
5.103956061369457,3.5050354674617803,3.454661564842282,1.1761491885480102,Iris-versicolor
7.182388138989582,2.4089636122202855,5.70958733951661,0.22560637026879168,Iris-versicolor
7.5532939271924,4.349941273190384,6.612011348238698,1.9673166627387138,Iris-versicolor
7.008929839457173,3.213905748957329,1.7261747230269657,2.4691972055644342,Iris-versicolor
6.138530017242359,2.4125463692564915,1.9117792626369678,0.48911563972741656,Iris-setosa
6.531551370457531,3.9433263338421947,2.5420768941825767,1.9672969133518652,Iris-versicolor
4.342153242660473,2.84588687590987,3.960411871601137,1.2970323410261604,Iris-versicolor
4.947363254385874,3.016866541121733,6.1473556594983405,1.5200231827918964,Iris-virginica
5.183433177895649,3.210229516085689,6.61739877679623,2.4429293787575412,Iris-virginica
4.846294665066436,3.709305795151919,6.372665916474158,1.6621529659907524,Iris-versicolor
5.298678735585624,3.7201571458382223,4.648621603723158,0.2070209296424343,Iris-setosa
4.4533572887546695,4.005594039555577,4.48567249071438,0.46509302321618784,Iris-setosa
4.4230704081750964,2.333209903451319,3.132405690075578,2.0091025428165996,Iris-virginica
5.924303745246369,2.2585793005379426,1.9786012405724631,1.8754692079955166,Iris-versicolor
7.139341575764293,2.6721264566206964,6.1738892123107565,1.5718428817563421,Iris-virginica
4.577537671662413,2.1601565861765772,2.650757353650664,1.523747991036357,Iris-versicolor
4.313252708081417,2.9459427263817837,5.819689413809808,1.4333377388082555,Iris-virginica
6.472995666612067,4.330156254006024,4.643645347452154,1.6883626891790007,Iris-versicolor
5.09584029833634,4.1025644685156575,6.220755645832619,0.7153068235443426,Iris-versicolor
6.760950925602939,3.006408760325271,6.8541307877732205,1.500473753826108,Iris-virginica
6.442348886332673,2.4308438905090655,1.6589691971067801,0.49322207508054716,Iris-setosa
7.22220793450402,2.2399822236741156,3.0572291768620126,0.49769287027950737,Iris-versicolor
5.312134092593467,2.2701447384793774,3.153904848131932,0.2457591908883913,Iris-setosa
6.979924690346705,3.4484461583500874,2.8441502426837184,0.590493015709871,Iris-setosa
5.91961410782501,3.3127565279798343,2.538804965566911,0.3165071698450294,Iris-setosa
5.470930721469475,3.183988878485555,2.357375544989806,0.8674594194314913,Iris-setosa
6.665995947687656,3.938850688583826,6.192442291760282,1.3492770696742074,Iris-versicolor
6.43288717051498,4.290486830144212,6.170411540344421,0.7412983926338098,Iris-versicolor
6.859264746586632,4.0524197483034,4.219016426912785,1.0149657544634028,Iris-versicolor
4.467713759412006,2.326950325162094,5.165610830163219,2.390244891067315,Iris-virginica
7.536595912604797,2.148608133053812,1.575770177108036,1.1202696196085997,Iris-versicolor
7.127935363797162,3.252875876062758,4.605064786403642,2.0274390459303633,Iris-virginica
7.343468873627387,2.1431317537179875,3.3020981914029086,1.3814945311179463,Iris-versicolor
7.0578072620200345,4.103651693828688,6.287383669195647,1.4634339470528637,Iris-versicolor
7.305609081810277,3.0666514831362663,2.422242089451261,1.3289105462035706,Iris-versicolor
4.815512179378806,2.7767049906099546,2.617961075359745,2.4353447027510255,Iris-versicolor
6.538663001474187,2.3821434318044203,3.366493724982957,1.6792626400700175,Iris-versicolor
7.1919407374169815,3.7918812754056708,5.822975317077803,1.872146864130774,Iris-versicolor
5.418367788540715,3.777423265143816,3.055443429996587,0.28535547382377213,Iris-setosa
7.634827874687976,3.398529772597332,6.264528840903633,0.643597652758427,Iris-versicolor
4.772042075572138,3.5249362309565777,1.0142536691984076,1.455838704153746,Iris-setosa
6.234613646275241,4.356109950972588,1.6562281922420903,0.8641984278813957,Iris-setosa
4.89993974473999,3.6050716831168614,3.6550641349262167,2.1260991386271657,Iris-versicolor
4.504713815199021,2.4836184530777783,4.338137769828959,2.24205078657697,Iris-virginica
6.112985657471432,3.2637185538105906,4.050614663195731,1.7085376013676947,Iris-versicolor
7.232160453117009,3.235113501808753,1.5231824709402813,0.5490156464643072,Iris-setosa
5.571994594324323,4.011685789760207,4.316463631258227,1.809001142060502,Iris-versicolor
6.1625551114236625,4.256544163699354,2.2975165555514288,0.3116920687196097,Iris-setosa
7.2808831602340245,3.0815643855641377,3.613644854470702,0.25867401253999767,Iris-setosa
5.491052334985524,2.71219294816543,1.3316078294718374,0.7570621855332871,Iris-setosa
4.362775524828758,4.049303189900243,4.739475904221733,1.1977396842840624,Iris-versicolor
4.668201863812551,4.199298112134738,3.5050837304946563,2.04213981686908,Iris-versicolor
5.278783004682565,3.057788617796053,3.192341082789451,1.1811834890779889,Iris-versicolor
6.0478778219054625,2.8849377576483097,2.8037449646444768,0.17670389004991574,Iris-setosa
4.662940834782549,2.3576090005184547,3.5855868019112336,0.5277815635555914,Iris-versicolor
7.748374346930008,2.706996666795773,2.124779211541777,1.6887470649397016,Iris-versicolor
7.248900472995199,3.591516582839051,3.056107738259886,2.3389094783488176,Iris-versicolor
5.028822881165754,4.185102320797579,2.0223430079239293,0.7194817421885379,Iris-setosa
5.6414957985619,2.9500037538429655,6.407832868328047,0.1502490635140167,Iris-versicolor
7.101539722043842,3.4959879756855496,2.369015143725938,0.388906191055018,Iris-setosa
4.829647737243668,2.5263153568060113,3.8403943064545816,1.2940770931525893,Iris-versicolor
5.1456524438952,4.349715967822824,5.677254764210157,0.6605858028829543,Iris-versicolor
7.66699474757537,2.3269096048071973,2.385058963868179,1.851898671367932,Iris-versicolor
4.446486064414459,3.874229362975435,1.2003619400236272,1.5412169301580865,Iris-setosa
4.449547240338788,3.9779268165732415,5.261126812321617,2.2291238374807376,Iris-versicolor
5.8752956784503185,2.2106353523016176,6.016191286020699,1.5532568333659134,Iris-virginica
6.8978848908060755,4.379696334720213,2.9838488569222825,0.9907228555230062,Iris-setosa
6.884279891636815,2.9551473731525504,1.5939307108325858,1.858560227578702,Iris-versicolor
7.0008984196129,3.0208548442224785,3.9716008202674855,1.7472748233311513,Iris-versicolor
4.986896187415905,3.934909392632382,6.570953941121363,2.349867117148881,Iris-virginica
6.52987812988564,4.200151921510505,1.2296597280788208,1.3430538096569187,Iris-setosa
7.053387477073854,4.058873890963898,3.389317676542835,1.8938420499540185,Iris-versicolor
7.857405745038891,3.645831375240796,1.549674676147119,0.4984298661484765,Iris-setosa
5.330478536278493,2.8857301488901483,5.523438696876693,0.681484029164326,Iris-versicolor
7.631318774628337,3.1443806731767725,5.189598003279856,0.3575033044320193,Iris-versicolor
5.075826394672815,2.0820859543914825,3.652930433261978,0.9568358993381554,Iris-versicolor
6.632553359971917,3.873691223140984,3.2785275914985776,1.4104583382025844,Iris-versicolor
4.944658009876658,2.0547448562257937,3.6726118542357864,1.1022591386580565,Iris-versicolor
5.574435193740342,2.633331989586787,3.862105187885697,2.2134897258765367,Iris-virginica
4.827273134723268,3.618290497817542,1.3532293434527598,1.4514968950521558,Iris-setosa
4.844790813680978,4.238867817698397,5.532548975154946,0.47368277665760694,Iris-versicolor
4.730677404399831,2.774455392675935,6.098829186357282,2.2313471434221936,Iris-virginica
7.51193608677875,2.5280702954604264,4.026051953316783,1.3353673142538023,Iris-versicolor
6.694373325351906,3.2974773429218485,5.3804537683975235,0.15473185807441983,Iris-versicolor
5.5461487489830095,4.295078101094134,6.866674386154967,2.0580041151102706,Iris-virginica
4.797072750189093,2.4327843281811017,4.491126447461426,0.3105899245194171,Iris-versicolor
6.661268902200488,3.8572464921222616,5.598729527012793,0.645402633298344,Iris-versicolor
6.945425498222306,2.343088597670863,2.2413702068089787,0.5830522986435477,Iris-versicolor
4.4442953465625195,4.294323003456382,3.0486420241438386,1.2968598897958612,Iris-setosa
7.8810111119859965,2.5851290426040965,1.446024990705375,2.0116614039379814,Iris-versicolor
4.321711010306045,2.021110689161644,1.6988379552512938,1.1091912558462491,Iris-versicolor
6.318071251330482,2.801076828816862,5.867493267965658,1.2998642744506046,Iris-virginica
7.386445377683785,2.4189340846407985,6.647408174544434,2.349409326626542,Iris-virginica
6.225584418671567,2.8552930313147615,1.6873652577440192,0.41048808276484483,Iris-setosa
6.370757212234944,2.8606239959012267,2.618552182228081,0.169549705655277,Iris-setosa
5.451413888092949,2.826253044181967,3.0772623874339757,1.4056182293554504,Iris-versicolor
5.700524139697155,4.017002687432066,3.9098890210074306,2.094799962581573,Iris-versicolor
4.411283202181632,2.4540516269205837,4.594000119977944,0.3303740230868826,Iris-versicolor
6.776025522203618,4.084922458786096,1.2709253294321718,0.9809216526820522,Iris-setosa
6.570210903158077,2.2983367613397596,2.4591921176160287,2.0843545078174777,Iris-versicolor
5.544137568220578,2.9073131193001505,6.656699717210094,0.27657960939807014,Iris-versicolor
7.546950373351353,2.1813920111762077,1.9644483210813766,1.728364686020517,Iris-versicolor
5.816500612799818,2.0533001056124247,5.922143567388235,2.47161980193682,Iris-virginica
5.251729335602631,4.099053931605026,4.159630964595596,0.5851498828926839,Iris-setosa
4.940048088007833,3.3367692168674266,5.733210280902883,2.2134055902579286,Iris-virginica
5.13632428827172,3.534086070815922,5.13920854105716,2.2966243352730267,Iris-virginica
4.588180560030597,3.580671790329899,2.5491075997445014,2.10957181488236,Iris-versicolor
5.01090958477031,2.193353063392978,6.166395256499799,0.5838864321809865,Iris-versicolor
7.190028027643072,2.8019928687326296,6.621268170077689,1.91405677313612,Iris-virginica
6.304171420740492,3.312147355622706,6.775677087373125,0.5992462110917248,Iris-versicolor
5.755724646394176,2.637129849720665,6.5644518813907204,1.4800820637704009,Iris-virginica
6.662381064104486,3.2466695819085336,4.872610116702665,0.3620506339447698,Iris-versicolor
7.636188384747868,2.2422633909008196,3.29821468485964,2.4156194375819453,Iris-virginica
6.690256776400597,3.5790994098095554,2.2975223010659804,2.411295265061129,Iris-versicolor
7.53356444508613,3.0251505208265854,1.2520542861235944,0.6728402706334421,Iris-setosa
7.610894407320448,3.9428816929785553,4.724416404458734,1.0669134516284593,Iris-versicolor
5.221645281349006,3.7140490081052495,1.8065635547729273,0.8446002090135752,Iris-setosa
7.42719751739889,4.296968412688919,6.573587687802085,1.5473942669357348,Iris-versicolor
6.8095882249037665,2.015491037742284,4.731885748669949,1.2744965107616828,Iris-virginica
6.014580384000965,3.0610690608144964,4.95923469969935,1.0421598674050645,Iris-versicolor
5.998480567693099,2.5554044563226297,2.8911849328541184,0.18533195891183113,Iris-setosa
4.640545717392588,4.15101920354247,6.368175287646084,1.1046290918559176,Iris-versicolor
4.688514809581018,3.1538369519784926,6.808787588668547,1.0011910298101232,Iris-versicolor
4.895357646423546,2.594313457252325,4.566814450295475,1.9396964138367268,Iris-virginica
5.728029507528522,2.7381490981653434,1.624517312381351,1.18340244591468,Iris-setosa
7.85965075961377,4.02426453663476,4.592168234076379,1.0104988352517732,Iris-versicolor
5.740691137243957,2.6831253325547504,6.67594573510828,0.23774097988713158,Iris-versicolor
7.1324120084359,3.509300364166185,1.5043163028671764,1.313222990778377,Iris-setosa
4.6661918614646245,2.7645438475309647,2.8979372484193746,2.1692661506527977,Iris-versicolor
5.6635260579125895,2.2072594120275353,5.463004587012699,0.8993687655535036,Iris-versicolor
4.554637148361486,2.0829076667476953,1.1043666872326825,0.6364812710876019,Iris-setosa
5.481051076441824,4.301352023265647,4.435846278693135,2.3591421386997227,Iris-versicolor
5.589221322574179,2.0165017879677034,1.0472497292658158,2.447546934758797,Iris-versicolor
7.0196547074550875,3.7780312968654846,4.663664395142453,1.012501184690735,Iris-versicolor
4.398964353343152,2.522349236846337,2.3179214700499315,1.9167104818565592,Iris-versicolor
5.269439856880621,2.4051170053393163,1.8704766590543935,0.20645901441608006,Iris-setosa
7.136365413026094,3.247133988328579,5.5052058247995594,1.7773067579916553,Iris-virginica
7.14570573056834,4.136661319569907,1.1870369657788817,0.2938869572457091,Iris-setosa
4.71002790158981,2.2843432028287487,3.65472842006881,1.7283403089168603,Iris-virginica
5.015813490495871,3.7768296214738832,4.250053387406856,2.3846619406118714,Iris-versicolor
5.650075185351943,3.5208771623978756,2.0203331853173334,0.7054492782500361,Iris-setosa
6.928121255966923,2.022133841542844,2.455240649467354,1.353369814557774,Iris-versicolor
5.059024147159384,3.2339669622471705,1.6444608789476338,2.37219718236036,Iris-versicolor
6.411537132753266,3.627542395198576,2.233388277229275,0.5985154942673013,Iris-setosa
5.765742241756327,3.7156602931949894,2.9222078187460623,0.7577548824380496,Iris-setosa
7.458173350723113,3.4657024811601036,1.8908793767244574,2.2640299898143907,Iris-versicolor
4.426725825751483,4.1547540463193275,2.3727867407013745,0.5941529045058032,Iris-setosa
6.9418861451516864,2.2784421562644104,3.345467123356299,1.0354007911537015,Iris-versicolor
7.099367440416019,2.4129448901100976,6.664877466056645,1.474118832622293,Iris-virginica
5.549837124940643,3.0512610690507653,2.6655478987360697,0.5335330090997883,Iris-setosa
6.566171195159989,4.014554067868965,4.5560712279654885,0.31484380777650456,Iris-setosa
7.208177290654566,4.00867201081826,3.6849366377475348,0.4160144181142701,Iris-setosa
6.882182709947925,2.1042253359650025,6.027194960682448,1.4114895626690693,Iris-virginica
7.86334759881726,2.2035062175648608,1.491940432197009,1.72597446167495,Iris-versicolor
4.742513677406708,2.802784124694113,4.1657325146321975,1.1196880996122196,Iris-versicolor
6.382769032478041,3.894290345730276,4.495006325029202,0.8838366344398779,Iris-versicolor
7.1342458253561,2.462526338642175,6.869666165381413,0.7504935355910448,Iris-virginica
5.602977803511417,4.216286273456236,6.225723668993864,0.6839178194486002,Iris-versicolor
4.528583946996445,2.8461540980621773,2.5276433219918157,2.1584649243538228,Iris-versicolor
4.3744602236300665,4.204687667299964,4.515345149585214,1.135488274678565,Iris-versicolor
5.725919994221101,2.043034106377316,3.776407540497988,2.341028893936541,Iris-virginica
7.87628874634862,3.994598310250412,6.061305141101786,1.216012680617281,Iris-versicolor
5.692291600066087,2.867668826915883,3.2158757389516563,1.6367396899188338,Iris-versicolor
5.764958981169898,2.5000191035246635,3.8930639068887642,0.4954224553785429,Iris-versicolor
5.3498674394695795,2.4720191591746463,3.581403059554741,0.804929196853125,Iris-versicolor
6.278374291627913,2.5324263724093807,3.657360098689035,2.125350868490649,Iris-virginica
4.780858321567395,3.724221927309145,6.807659780298646,0.21690757950160586,Iris-versicolor
6.80999529071567,2.1557633656161954,1.9293116951825875,2.498025606172905,Iris-virginica
7.517320767492732,2.8898419275438,2.8620425292061116,1.8802619326751053,Iris-versicolor
6.2562640762551744,2.031916138146333,3.5769907074715275,1.0075914129935013,Iris-versicolor
6.662283008031478,4.348322328114648,3.4739536442277013,1.096235280283264,Iris-setosa
5.016303536954283,3.4578465240488683,4.8773697785228265,1.7003386248628753,Iris-versicolor
5.301107592285106,3.4898496081576247,3.2476022147240426,0.928372649292574,Iris-setosa
7.475146147045603,2.888477979565299,6.141821495565571,0.14006934773991916,Iris-versicolor
6.869213981994305,3.579617805328432,6.515067493500358,0.3086881426586475,Iris-versicolor
6.014330959802646,2.6713627740920867,4.9220613681107475,1.3021617811273722,Iris-versicolor
4.6033807518075935,3.4812830880742824,1.5786941506159358,2.060520135976146,Iris-setosa
6.082130873042195,4.0553781035769045,3.225698918949719,1.538725919377407,Iris-versicolor
7.679560923628268,3.6884064297380563,5.14543556074728,0.8335499774483404,Iris-versicolor
5.842601472966805,4.223479858437287,3.4780743848615248,1.4210440890807992,Iris-setosa
5.989338627757073,2.811557163662622,1.4547322871337465,1.6214439855345975,Iris-versicolor
6.405392311213204,2.226258631382094,4.9987931438433515,2.1912763865750384,Iris-virginica
4.7055445819932915,4.080132622463041,4.213098340108267,1.961953793438614,Iris-versicolor
7.291686545521978,3.854509569367801,3.221331607993552,0.659869897049217,Iris-setosa
5.404247828989979,3.934733590792963,3.925049499701755,2.197048428019806,Iris-versicolor
7.392192958176143,4.020565626844828,1.943039176723396,0.41101944586789396,Iris-setosa
4.399725721425808,3.2959784666067176,6.105866425839022,2.0697851508782663,Iris-virginica
4.566121627881521,4.327193280730097,1.009518439335492,0.7998324491471209,Iris-setosa
4.430197666629226,2.486341004690905,2.4328324347833505,0.48571329593962,Iris-setosa
7.685292730215782,2.0962612337369806,2.383909282990098,1.152920139911749,Iris-versicolor
6.826443085380194,3.7968518726702776,1.8686543365286767,1.7733285805899421,Iris-setosa
6.024704885548739,2.5813710700912873,5.027447780348259,2.302478205642732,Iris-virginica
4.646628172742161,4.376950534336845,5.087749438092756,2.416934151693361,Iris-versicolor
7.184916949166396,2.8627708726850916,4.140625090003688,1.4817944261362788,Iris-versicolor
5.426034020229964,4.181945126699181,4.986398387381488,1.9704503662507298,Iris-versicolor
7.5883738369170715,2.5986080118223063,3.141005347222514,2.3360492304278035,Iris-virginica
7.672480499635613,3.5279206469476767,2.32904154629526,0.8611289792428523,Iris-setosa
4.506860560447374,2.2139188959804303,4.442228795979626,1.9050362140299804,Iris-virginica
5.69783109610853,2.2447752346192633,6.471254740383079,1.2153218702955981,Iris-virginica
5.352722236014535,4.1757123893831505,6.397486479592346,1.8125219443874125,Iris-versicolor
6.8528744773879335,2.4440506574399485,4.547292078289502,0.2710966835563357,Iris-versicolor
6.861834307776697,4.146969066907271,5.3162224339476705,1.2840641178639467,Iris-versicolor
4.590329544339718,3.654101137694318,3.8808422948045727,0.9840362437643941,Iris-setosa
6.38530429120779,3.1991804478639674,5.376654092725711,2.235707165961488,Iris-virginica
6.143880119047939,2.840769432325183,1.5078431731783641,2.4037463788061006,Iris-versicolor
4.818011836199526,3.6037659295804927,3.8146334961438586,1.2286430641382704,Iris-versicolor
6.4079417097889655,2.6144686324314925,2.621913507739471,2.3926492620902278,Iris-versicolor
5.698367410700563,2.763168912323897,5.654399563364439,0.8695695906124545,Iris-versicolor
4.311872706219874,2.9163860595866713,1.2328664402330918,1.603798561537461,Iris-setosa
4.560702325652998,4.259299895469761,3.7309393935141935,2.3407564774440037,Iris-versicolor
6.4706908681530475,2.1088226462843163,5.297984774689687,1.4031393605583566,Iris-virginica
5.256930511017133,4.289733043999275,1.133677218089022,2.0280990070597644,Iris-setosa
5.009229570938522,2.1664916886616545,5.7213243391578885,1.4333150650315354,Iris-virginica
5.092384944654812,2.8551796176599686,5.303219130817342,0.6766631624860082,Iris-versicolor
5.977425322284736,2.5807607359220928,2.486460162150339,1.4389693245831263,Iris-versicolor
4.609029940890861,2.2464860298915914,5.226314984835381,0.28033913033117824,Iris-versicolor
7.524379342305724,2.887942375757025,3.0777194679428708,2.390633341692438,Iris-virginica
4.860891944134201,2.295219894897363,1.2066371095970088,2.18024502878206,Iris-versicolor
7.870632587558612,3.9709311286756734,3.5624918996463992,1.9658615045852466,Iris-versicolor
7.155093581059612,2.043588617581515,3.5993577264546874,0.359409984935148,Iris-versicolor
5.453083618924556,2.5204463080622315,3.8635270050686588,0.5619132880095264,Iris-versicolor
6.278075985022279,3.971556579171499,3.72019885708749,1.8561699908026486,Iris-versicolor
7.767080207275517,3.659953107902992,1.5566913024869424,0.7178478554936184,Iris-setosa
4.8702617016703895,2.4299203107847878,3.561881741673186,1.0880553500031658,Iris-versicolor
7.241181634163589,3.542344998993676,5.206879349327138,0.7280710718671524,Iris-versicolor
5.6131793497007525,4.170223245190286,2.9508367154526822,0.9399580157941901,Iris-setosa
6.949835885351797,3.431788019840826,2.8110603422531684,1.0997217855712476,Iris-versicolor
6.475674408377677,2.8532861266897793,3.445096917828564,1.214299098931691,Iris-versicolor
7.320152348836254,2.2159014374653325,4.085019681493822,0.9648633889770667,Iris-versicolor
7.7645719949977,2.7547485172713975,4.244804457260264,0.5116419312881054,Iris-versicolor
5.5454161080930815,4.072364793232267,1.1477449064401863,1.2079224253690655,Iris-setosa
5.511886485280013,3.568241482571874,2.8030669129299897,0.7213811003810275,Iris-setosa
7.503616561662376,2.958641743118151,4.447874654548288,0.7001840597434791,Iris-versicolor
7.0825505334717,3.4698552081636276,5.680345344627325,2.296922251599245,Iris-virginica
4.856193024581663,3.9216490826473773,4.415800032204494,0.14105281395195632,Iris-setosa
5.481344242954277,3.9979494652280847,1.7313698839819396,1.4398443983067053,Iris-setosa
6.852718178366566,2.1874007447128285,3.200583105448407,1.6787842162892814,Iris-versicolor
5.362492495176115,3.461559206315995,1.517978366097581,0.8668415296816021,Iris-setosa
7.0095595054666635,2.78493027442217,2.885375931863323,0.8780781322795013,Iris-versicolor
5.4294879345041736,3.5901315966076837,3.752670911876521,1.4348993986064627,Iris-versicolor
6.723712304244463,3.280130248098671,1.9618561700876453,0.9281602571893969,Iris-setosa
4.547341194735137,3.052047056475311,1.6810944720453418,0.5514738561805749,Iris-setosa
7.527439502800165,3.3874279493147936,1.9715431577792728,1.4925148084732283,Iris-versicolor
5.723216277668211,2.338881922157639,5.877465949907054,2.0439319782817904,Iris-virginica
4.3874792311277915,3.2121275145850787,5.625465370679704,0.7946928089802276,Iris-versicolor
5.762149958928378,2.707916788485852,5.104359638633339,1.8116717376081657,Iris-virginica
4.912269150760523,2.7626181947211337,3.3046246444583995,0.8016949688525241,Iris-versicolor
5.457659557517944,2.6456710739044222,3.102436961686733,0.7820506615389115,Iris-versicolor
4.647742091419176,3.090373321820724,2.921807524546659,1.651418384263994,Iris-versicolor
6.185836154382525,3.72109810486415,2.9125541338425522,1.5746658859173854,Iris-versicolor
4.436026943178792,2.217526592670767,3.113746291417672,1.1047227363167451,Iris-versicolor
5.052511266918311,3.698235406550004,2.0224091846396304,1.6359974455757016,Iris-setosa
6.344758996084692,3.4832429370517684,5.119291655376991,0.20979798101274227,Iris-versicolor
6.936129433188847,3.3789965429732858,4.643586261230887,1.6007603784525506,Iris-versicolor
7.245381211227743,3.234994822116735,3.5806415930953013,2.0430875799931094,Iris-versicolor
6.121626165210005,4.1211983004380475,1.2450239136607972,1.4866390490420898,Iris-setosa
4.697699166551226,4.015172900891361,6.761439830543822,1.776580211541528,Iris-virginica
5.382777591270344,2.1145789486401365,1.1036434741188543,0.24926607566422182,Iris-setosa
4.622127075199721,2.0631080252272023,1.4876626164594655,1.485433186243821,Iris-versicolor
4.51371595604884,3.401658309127689,1.5302576346702188,1.7566096637065731,Iris-setosa
6.5896375078901555,2.827615723025877,5.911282844704471,0.7715334068299636,Iris-versicolor
5.793475545193399,2.7242286368641526,4.051269094602442,1.784604670468828,Iris-versicolor
7.165409947819709,2.261876372302469,2.601465536420398,1.5756751450872974,Iris-versicolor
5.450182895844959,3.8841202951768565,2.9100088251998297,1.6749596201556756,Iris-versicolor
5.35231162659518,4.087324836748103,1.045043881485598,1.2383239176829428,Iris-setosa
7.030942539464052,3.279907579856973,6.082967076283202,1.6463439472954937,Iris-virginica
6.9494922118651665,3.73187427560013,1.926123443219749,1.335974154185053,Iris-setosa
6.181361825475436,3.40232084949026,3.8035468072675087,1.9498894925796972,Iris-versicolor
6.79530602575529,4.109968778632875,3.6687084621086288,1.555892387264216,Iris-versicolor
4.453707107989955,2.7886554166677033,3.3738043416190786,2.1686161484766946,Iris-versicolor
7.346971443912581,3.2990865674069454,3.064693393756309,0.35813101368136,Iris-setosa
5.881056708354617,4.2368974705107,6.736496865709842,1.4373325470967362,Iris-versicolor
6.753204785532893,3.548660643358989,3.750127862366901,0.7169502147704072,Iris-versicolor
5.769562369334134,2.7288047718342088,3.400728323921238,2.334005305888734,Iris-virginica
4.46863930149209,4.010432901884868,1.3156649938683906,1.4738804620287245,Iris-setosa
4.581793438023451,2.5243128701351427,4.15532576600832,1.3875089505386475,Iris-versicolor
7.130374712374668,4.10264167958366,2.5635420724182527,0.8022706252006676,Iris-setosa
7.296759644997472,2.556888183151301,5.995992572837621,1.2381598210182563,Iris-virginica
7.240076702763007,4.117355783664771,3.6206052840982674,0.9309305109823897,Iris-setosa
5.567787807119206,3.547989717987596,4.48613247361715,2.3820787969456005,Iris-virginica
6.39088267373501,2.464890849193776,5.787093616259925,0.5174327453845203,Iris-versicolor
6.726805189337796,3.9680890239170328,6.684302830902274,0.21594512563332033,Iris-versicolor
5.637709621112431,2.9323538299434455,1.1211698233475291,2.100227554621046,Iris-versicolor
5.72308741234953,3.9666312560227834,5.954825691184894,0.48434985183808765,Iris-versicolor
7.177662903460373,2.0036719189643892,5.316316651315606,2.3730986620018477,Iris-virginica
6.646777700399661,3.7672808268801248,5.978209675391206,0.6697065817554593,Iris-versicolor
4.591975517802253,3.8538468787213773,5.088547551681088,1.4798814484052647,Iris-versicolor
6.822905789660014,3.919167937582642,3.0780063054014835,2.4924885891600943,Iris-versicolor
6.668767369811792,3.8659290099879815,3.7300773201083306,1.7836324760930136,Iris-versicolor
4.4498839906568515,3.497842949526965,3.5736676754043373,1.365109054443302,Iris-versicolor
4.5603133701978615,2.346330936478868,2.1206669030931247,1.5219544495356174,Iris-versicolor
6.64948205158386,3.3213990158432627,6.026009164385792,0.45654177656609796,Iris-versicolor
7.057176885548598,2.7370276421696973,1.0894804910441942,0.9260579432035964,Iris-setosa
5.882405015259597,2.1192208649969224,2.929108581006026,0.2067696933566922,Iris-versicolor
5.627883608749402,4.278285564924925,4.941058870905,1.950380591452494,Iris-versicolor
7.317100085686638,2.5959047953955423,6.712986346678833,1.4160081966888354,Iris-virginica
4.867898913737887,2.010655392277121,6.376747849971752,0.7115527379892361,Iris-virginica
4.394823584992572,2.4660835495594835,6.278271695082636,1.4958548981465254,Iris-virginica
5.174037708869355,3.7426602930267787,2.0376187152408134,1.3331945339250508,Iris-setosa
6.431083709486625,2.6540332110236804,3.2173749785935173,2.2473102548347863,Iris-virginica
6.867338449736748,2.6565194677350705,5.5474143348186225,1.7912094716171774,Iris-virginica
7.242587157379631,2.754180526911927,5.831182381219854,0.6874034258324482,Iris-versicolor
4.508520947624854,3.8504097801686514,3.262610700479518,1.1435586841105165,Iris-setosa
7.769551079979548,3.6957884801599348,1.6515805553260485,1.789655062094602,Iris-versicolor
7.475031730995884,3.529169858675079,1.3744816502933994,0.8215938641378396,Iris-setosa
7.285649891357673,3.673776791595445,5.291160018482523,0.9865654152486981,Iris-versicolor
7.676404746091917,2.7219036256922635,5.501390322255641,0.5882204568071112,Iris-versicolor
4.3503015821863515,4.100990987530585,3.2769131906985556,1.0950599514508728,Iris-setosa
4.382676086847756,2.025100691558167,4.096646751258503,1.1186670301506345,Iris-versicolor
5.731190699711325,2.8036841907962793,3.778464301713485,1.1629303514634841,Iris-versicolor
6.174929536895246,3.3867014898683863,1.5397234907730728,2.264102253491642,Iris-versicolor
6.0618956635227015,3.0412880535538913,6.791070312056555,0.6503508155481192,Iris-versicolor
7.158525719360883,4.262245130127244,2.3730206269396206,0.8232526603732756,Iris-setosa
7.182698527795247,2.0834703084657282,2.682129572847142,0.7543576584995311,Iris-versicolor
6.74084966356679,3.4453714625707246,5.405723292377281,1.2808224950284919,Iris-versicolor
7.365421651430922,3.2344148067753613,3.6461394265945404,0.6756224902408976,Iris-versicolor
7.113557814461968,2.671067463309887,4.505234902374178,1.777193928095319,Iris-virginica
6.602638027292237,2.0546207611313463,6.388605597179684,0.7454144149264768,Iris-virginica
5.920456862667388,3.6126250936781643,2.370799092600273,0.6259753818611599,Iris-setosa
7.141968591286606,2.5777129850999705,3.3116295584754476,1.8243815590858483,Iris-versicolor
6.23797624875296,2.49955178723872,5.414013637294167,0.9220670870847235,Iris-versicolor
5.753763291852031,2.8421610124774404,2.7526341938608287,0.8945537985953205,Iris-versicolor
7.10458455937933,4.181888438778795,3.6384660603759658,0.8986297979198137,Iris-setosa
7.4824855827992796,2.4050113265036552,6.258403533927184,2.4405933597826057,Iris-virginica
7.198825360135402,4.0758614522159355,5.018334998008491,1.9710548311037304,Iris-versicolor
7.5755355609563715,3.48879051556764,3.0441392867453896,0.576961019295593,Iris-setosa
7.252029680420806,3.2827829815059877,1.8221533206857061,0.800658347014095,Iris-setosa
4.852514141024351,3.573289568032354,1.5928351412867845,0.21318456328897434,Iris-setosa
7.370241237709244,2.3911357945975467,6.805518497391082,0.7679006910869896,Iris-virginica
6.956192592492677,2.2246464057061077,4.992258284290454,1.8339261138608027,Iris-virginica
5.7252367710125505,3.1205806272897094,4.498896270202438,1.9580541545972847,Iris-versicolor
5.1337098932405,3.6137723626238207,2.1816413120804383,0.5597230131549035,Iris-setosa
5.984455165366057,2.81864829752946,4.4312632712696445,0.5957103358175545,Iris-versicolor
6.7342422781755005,3.2297645821818293,6.719715960847685,2.406583624906446,Iris-virginica
5.858532923229053,3.953738402557227,5.289988869038149,0.8513133467843921,Iris-versicolor
5.471429342555847,3.8587097041054257,5.839718656499179,1.4806660156556377,Iris-versicolor
4.8894840376338085,2.5938560629912883,3.567917158740974,1.6354253502444,Iris-versicolor
7.255798304418601,3.112889701114444,1.3083890145191965,1.2401603971727007,Iris-setosa
7.550399335811722,3.7912116025739877,3.767379445826273,2.2451730670004637,Iris-versicolor
7.024120516892289,3.6292307690604706,1.0158178128108573,2.264349830220803,Iris-versicolor
6.243768851599106,3.053640493368967,6.002878790962418,1.3339737272989713,Iris-virginica
4.708867771613903,2.7253904790861982,4.9747414598135995,2.4959475431204456,Iris-virginica
5.636506759969331,2.7791923012278024,5.493663388000033,0.42596071269016345,Iris-versicolor
5.382795287023787,2.942484153207188,6.610269105109696,0.2760807681568451,Iris-versicolor
6.752633553837319,4.156756838211063,2.0637323289968177,0.6862173633486129,Iris-setosa
6.1375715137139135,2.6051959338577912,3.773944674791907,2.2165972242361978,Iris-virginica
6.383848078847265,4.279355294513989,1.8508056790702239,2.1932602272595996,Iris-setosa
5.3350432581121,3.7953981269347805,4.4567686575935435,0.5590430793320129,Iris-setosa
5.857506466812374,2.4639780941920817,5.821365640284749,1.4152930564827033,Iris-virginica
7.618345985322339,3.7820839713152985,3.4967104485961977,1.3450744177154912,Iris-versicolor
4.866148128908586,4.321997379766063,3.240067566746005,1.1309647676081809,Iris-setosa
7.4312572593516855,2.3490780220842766,2.428480703943073,1.0951901261291888,Iris-versicolor
5.957613549421832,2.480376205129508,5.24856894150088,0.5422076456563111,Iris-versicolor
4.489114573425646,3.8052816056494696,5.213814076934692,0.3526127778717163,Iris-versicolor
5.629002929823189,4.3038626324261635,4.973204531036144,0.19848339269470044,Iris-setosa
7.340519405639542,3.6111027667740356,2.3179523896257264,1.9408899231023993,Iris-versicolor
6.437965417009421,2.91701154311127,3.7637849569915094,2.1666231990462417,Iris-virginica
5.689618529841177,2.715202177670478,2.9777854955245537,0.6216694862236657,Iris-setosa
5.433946401346644,2.8917617345925573,4.369860747294825,1.8256594997751385,Iris-versicolor
6.605832854909276,3.4224585943109664,6.38537378818165,1.7242208760381326,Iris-virginica
7.4982285279633185,3.6732353001066693,6.876319928446789,0.1346468393654523,Iris-versicolor
5.3247548693694675,3.129686715356522,2.198262937018457,1.8167601104457585,Iris-versicolor
6.603578416026023,3.538714981410828,4.313247601837352,0.35383185682391427,Iris-setosa
5.901251622514181,4.183707819337233,5.429600262523359,2.0522260351956025,Iris-versicolor
7.110743477095981,2.899789516750883,4.8635760531508705,0.34452462349570945,Iris-versicolor
6.64992041602318,3.274389070880926,4.943332565890596,2.086911564049392,Iris-virginica
7.121630658784946,2.09559360460349,3.81642474932956,2.0648141383703127,Iris-virginica
5.842035776867201,3.5923741204645085,1.5143376102797652,0.4515821865517491,Iris-setosa
6.505375944560226,3.518453953492184,6.2933813056758545,0.8679564099125411,Iris-versicolor
4.673627891674664,3.3036489174624952,4.203030235411365,0.3672233527146691,Iris-setosa
6.6119391480874246,3.1065832335033114,4.874197287008606,0.5498569564419176,Iris-versicolor
7.312556896771916,3.268078096992599,4.318292683225539,1.1576507175013007,Iris-versicolor
5.272129738901814,3.989295885111501,5.212388766915269,2.415110597033207,Iris-virginica
5.674377059331811,4.396299494767783,3.548842274162657,2.0817462138460607,Iris-versicolor
4.38213511693194,3.5680120526726684,3.3523631078321716,2.4223903827170794,Iris-versicolor
5.639800363229271,2.7082651670617954,1.5898348183121191,0.8365719147775604,Iris-setosa
6.903360264563619,2.8009871023716006,4.953648554398187,2.2182171183020767,Iris-virginica
4.776942434662514,2.351905136011265,6.271570782415049,1.6183852801698408,Iris-virginica
6.793587139396713,2.4986717682253063,3.20586980074928,2.175864458270808,Iris-virginica
4.598763078267299,2.2925449262193403,5.456330322613014,2.200394403286549,Iris-virginica
5.426100443199145,2.14588706901431,6.188102504238897,0.647827949111096,Iris-versicolor
7.090497894238223,3.9666638976626247,5.347944517936448,1.7515907006163327,Iris-versicolor
5.018891832814444,2.6877479121103383,4.227247005308149,1.8835650119410774,Iris-virginica
5.53293893432599,3.5045534623012493,2.820736046506089,1.7761225772308389,Iris-versicolor
4.542347110239254,3.5770541453441655,3.290763213969863,1.9663646579486576,Iris-versicolor
4.9145421662729945,3.0861097915318476,2.856161315808502,2.1499589983406944,Iris-versicolor
6.270918970648824,3.0497093674664293,4.61857141875726,0.45730430726600546,Iris-versicolor
4.6641181435152905,3.734863718773532,4.95660761330345,0.9588276265567495,Iris-versicolor
4.987968840724411,2.7122489723059613,6.606779809739655,1.785250458986902,Iris-virginica
4.763991383541522,2.2589642103745815,3.9334011732655054,0.1571359366593331,Iris-versicolor
7.088010184870503,2.616241984152888,2.931136965266949,2.0053212836093155,Iris-versicolor
6.6559118995788555,3.874539903830703,5.732851725638417,2.2697977813697876,Iris-virginica
5.355610408753264,2.4118227853435252,4.134552933530309,0.4419011611280397,Iris-versicolor
7.8570871569448535,3.1769389324168,1.1982251096796197,1.0440926878810561,Iris-setosa
5.907722615107245,2.3987327594382566,4.413952310234571,1.3294917793883316,Iris-versicolor
6.0408617356865655,3.03507262946481,4.901874152649592,1.4358313510423384,Iris-versicolor
4.511059461023085,3.140461395429215,1.675092674471737,1.1450458716214766,Iris-setosa
6.189164950411486,4.263455513020968,2.4372157911779393,1.8011682742359303,Iris-setosa
7.431849183848934,2.0172136580693536,2.065382954585553,1.393470065324525,Iris-versicolor
4.7573333767689405,2.345481603104484,6.459126481239019,0.2984710123276539,Iris-versicolor
7.492636649429052,2.4900726063236887,3.4079975734276027,0.18970614847127648,Iris-versicolor
5.8307678529560025,3.0146599687239597,4.363324249965461,1.288621074762859,Iris-versicolor
5.02788628991023,3.5312310302570067,4.782885517224457,2.237929929164858,Iris-virginica
6.320939268304307,3.890158237556159,1.8809694763320841,0.44854091491477044,Iris-setosa
6.954105014931578,3.2054595539844026,4.414113153507007,0.6015137502500519,Iris-versicolor
6.329106686215737,4.07203604139176,3.6119644060326093,0.36244951408294745,Iris-setosa
5.7140131024401395,3.1893665597615595,1.4688437134567205,0.6206745254517217,Iris-setosa
5.967759017682803,3.9771534145381633,6.250602769337154,0.9474318079970838,Iris-versicolor
6.088119919011679,2.31990744718185,1.9968972292815539,1.5549291487023764,Iris-versicolor
6.562051882791057,4.297238224216035,6.78334433399052,2.2293264341836667,Iris-virginica
7.2629889575533655,2.785659988849379,2.0939251729980546,0.2670371877282493,Iris-setosa
5.884329365675492,2.9904851725747017,5.985031205046245,1.717923957425855,Iris-virginica
7.152404640543175,3.8167182649259876,3.994127630627334,1.743049300938046,Iris-versicolor
5.005979545603336,3.978270396012646,3.979501114655305,0.2920275648009012,Iris-setosa
4.612359494556207,2.6557096433191543,5.9128618513355224,2.037028162875492,Iris-virginica
6.667599231150412,4.393546554507587,6.630935310460109,2.0180861427516685,Iris-versicolor
4.64829333905068,2.225097181904177,4.753068196962037,2.0921517026131724,Iris-virginica
4.562892610603793,3.917124150710918,1.0121430772578848,0.5320943366924474,Iris-setosa
4.618687513271722,2.2943051824239453,5.786263246057243,1.264803132689589,Iris-virginica
6.130042247776602,3.6754795881084377,1.053539463421964,0.971092180821367,Iris-setosa
7.500729068548104,3.2904930196878106,1.7043958414506997,0.2487823458003348,Iris-setosa
6.436495572010653,2.7794185538376497,4.7273160028466545,0.4796309726775342,Iris-versicolor
7.0980197698814225,2.471738485670767,4.034755591104805,1.5758075669900997,Iris-versicolor
7.133434674375834,3.365112612213463,1.965467124646064,1.7217733508090967,Iris-versicolor
5.175653425814959,2.210981182095119,4.855199211995443,2.149581512180772,Iris-virginica
4.308331122820236,2.202187308836143,4.3345176924464575,1.9728620038552191,Iris-virginica
6.887041596652253,3.0856403254079274,3.318508433979837,0.1974660403601524,Iris-setosa
7.6493552589076526,3.0317480558989445,2.433770103889673,0.47401418132531814,Iris-setosa
7.879569804233865,4.289432490404771,4.590332055800687,1.4921262894165992,Iris-versicolor
4.886060523179274,2.4802982980490924,3.5435387155239226,0.3474559383046773,Iris-versicolor
6.266711360679322,4.177028817045013,1.1483202042129608,0.5303368879447603,Iris-setosa
6.636090390020246,4.196441656716774,2.7000175676230063,1.5851731820533144,Iris-setosa
7.276822217037408,3.3272786196839674,4.157227012414523,0.3474693701730695,Iris-versicolor
4.643720736542403,2.6466816844098187,2.837631192893886,0.6974525221762532,Iris-setosa
6.7924747284854,2.2788947475337618,5.360132849456127,1.3559130583996384,Iris-virginica
4.915061701506228,4.234260751135116,2.6114261076992435,1.4232911248746662,Iris-setosa
4.408435808864021,3.794699841948325,3.0805459143569482,0.2925585234338827,Iris-setosa
4.856791107826296,2.4631755114007223,4.143457906989387,1.3119641268119868,Iris-versicolor
5.82082055881726,4.203215404631393,2.2026205212377445,0.30647508886045205,Iris-setosa
5.063278182769404,2.8513016551966683,6.567889843340981,2.060604107344919,Iris-virginica
7.898490779742774,3.0488274742661248,1.282325820296266,0.9585986944199186,Iris-setosa
5.006536741036965,3.5829944529784576,4.9692256700872734,2.0903698697176454,Iris-versicolor
5.829934212788683,4.205836100972554,4.596121860443179,0.801937777252669,Iris-setosa
4.373968402334762,4.328563138714489,4.124051939568873,1.9367858830784914,Iris-versicolor
4.753074837064221,3.7134352867898706,2.2490238564482614,1.3517109887359986,Iris-setosa
4.69645523457415,3.4370230821471663,6.395119086147501,2.278576459770099,Iris-virginica
7.657876898642222,4.053719710585747,1.7423652873860929,1.5210447009024128,Iris-setosa
6.16785304316301,4.255260835742472,3.6604913227217364,0.18061236536136996,Iris-setosa
6.584832407316603,2.4855449978884945,5.41647082197347,0.5967617343743989,Iris-versicolor
5.641974676755057,2.4188928147992304,4.399388877700746,1.8973734546637229,Iris-virginica
4.88708814738426,3.1745493737576354,4.86526266492948,1.2262271956905062,Iris-versicolor
5.001796890613521,3.2962984203198737,2.831312464321066,0.2641954741268065,Iris-setosa
4.617894861835076,2.695516064506439,5.727044046713021,2.221680068443124,Iris-virginica
5.741770568267921,3.829739851951035,1.2581419059079366,1.336498981792644,Iris-setosa
5.684914195044557,3.5997855600537134,2.3458349545408743,0.49577920146553767,Iris-setosa
6.106917343206488,3.907159901822367,2.3147842262402616,1.9858035998312178,Iris-versicolor
4.46242739306947,4.366693011785918,4.44709962476746,1.3087519889077757,Iris-versicolor
7.161228819565327,3.420553773359222,1.228805396080931,2.1194113235432464,Iris-versicolor
5.96660502120687,2.3361768666486333,2.8762503322744504,2.43326398369929,Iris-virginica
4.9855741880896876,2.416658533150651,3.068694677266741,0.7480216609149579,Iris-versicolor
4.380295545488524,2.493966900846882,5.832310947395823,1.3179363648402245,Iris-virginica
5.843316168597808,3.243140406439638,4.526449825484944,2.3743314721120297,Iris-virginica
5.798460928507398,2.9268011470292583,4.284978540355142,0.25026412490057454,Iris-versicolor
7.099801825443983,3.8861418478909737,5.39414101594687,0.9883163591006445,Iris-versicolor
6.192116783168107,2.2547631609791634,4.879792295174897,1.5021316427773819,Iris-virginica
5.686674371906733,3.922627695339396,2.923171843961855,2.118881378485653,Iris-versicolor
6.551770035855855,3.4168789017909065,1.5201031618891179,1.3318276610457156,Iris-setosa
6.5100778532065195,2.17191078500997,5.015228239185757,2.2741406055532636,Iris-virginica
6.6332581361503635,4.256324151866668,4.15132037526445,0.2960199931911253,Iris-setosa
6.43913754756497,2.1412995423624777,2.981877313919348,0.4238919760794617,Iris-versicolor
7.291914363755331,3.099865430384721,3.365197088088972,0.3838879081582449,Iris-setosa
4.778062910933373,2.2476169574938965,1.3434724176345352,2.4530175416359157,Iris-versicolor
4.419833414840723,2.718832615384601,4.930159971774376,0.3706373961631051,Iris-versicolor
4.896271195928175,2.8812353862748616,3.6549562440480945,2.0112216157483687,Iris-versicolor
4.439509483520157,2.742048409329635,5.647170144064833,0.8213091815131602,Iris-versicolor
6.3732230801199545,2.160856892888485,6.224573619044546,1.102773787092089,Iris-virginica
4.719959274615621,2.8951513364633206,3.9670673167750947,1.3668894186555791,Iris-versicolor
5.3655412769840956,3.2588541748443216,2.597257099352425,0.9227732232033067,Iris-setosa
5.54169348964505,2.64625464905782,2.0822233309142493,1.9647990870847813,Iris-versicolor
5.734592349429358,4.16528455526555,5.132195376434072,0.9362101505517197,Iris-versicolor
6.173161321275778,2.205188956780149,2.6283397124390557,1.019988120222176,Iris-versicolor
7.429825935082869,3.6841726539408173,1.2796951062336186,2.1405746268478034,Iris-versicolor
4.891155431236559,3.7769248104708004,4.975428187481349,2.2718469621130666,Iris-versicolor
5.013600542122908,3.977876761225483,1.7533702036667926,0.9033856141192735,Iris-setosa
5.389485662253369,2.1804478045522764,6.357944031977013,0.7424558259757934,Iris-virginica
5.47943089966966,3.6748887915188435,2.9774492352457087,2.02736791104093,Iris-versicolor
7.866007279922916,2.83849514329336,1.1849972572849417,0.937161927077994,Iris-setosa
5.551891067861635,3.297307087206187,6.824567450047205,0.537873898593402,Iris-versicolor
6.205010598312945,2.7022322865866726,6.144201547735496,1.5923092928150553,Iris-virginica
7.313559723152287,3.265177184591065,2.5019051951473776,1.0311184176095076,Iris-setosa
5.023471100661895,3.186434944069944,3.6362410666199634,0.38762911998703264,Iris-setosa
5.045901439262776,3.7805402783638695,4.233324844239341,2.0329336097768116,Iris-versicolor
4.382194193561776,2.3929934929506906,6.135623339926183,2.1462808914463998,Iris-virginica
4.7245780762549705,2.471687092795326,6.892003743553324,0.698478556864339,Iris-virginica
7.7761399729966705,3.5609973624134863,5.156999997965577,0.27091946144476,Iris-versicolor
7.227450703084297,2.00476391147802,5.014005172465736,1.4499356183003755,Iris-virginica
7.358367032030202,3.2917924740084326,6.109652793809244,1.1861145601826795,Iris-versicolor
4.365771939203436,4.05980052676542,2.594771570409087,1.3989938753747477,Iris-setosa
4.819115829604324,3.3714862624511213,4.294163066952668,2.1689091178028432,Iris-versicolor
5.809767854363104,3.1055136703807205,5.492690419181354,2.224584528733748,Iris-virginica
5.167693154436252,3.887989300609707,2.1461949562294835,2.306894733945951,Iris-versicolor
4.702056391737718,3.1600079614446757,2.7986865439895166,1.7938749367304025,Iris-versicolor
7.861286589028202,2.8698847344487293,4.110099259247418,0.9838126133998375,Iris-versicolor
6.300755227787294,2.9560490128654178,4.989610833978018,0.6044553720097774,Iris-versicolor
5.670895117028779,2.6926706536239493,4.720193679105694,2.3924033844025097,Iris-virginica
5.79839448232482,4.0078022658153145,3.126123514474638,0.7377648555297842,Iris-setosa
7.040618996863687,4.075038154572928,5.172924976116033,2.2566450774698965,Iris-versicolor
7.4212810753453855,2.592464432177838,3.0886011297693368,1.2370830426452142,Iris-versicolor
6.066104611135659,2.2451809127367515,5.8819555548281475,1.0254403842614699,Iris-virginica
6.071488162467196,2.4071142877767815,1.9158352666837941,1.583236255439575,Iris-versicolor
5.233278321612335,2.1188460777504976,3.683207204764077,0.8792296307053048,Iris-versicolor
6.399292313029072,3.184331755147946,5.429183991825731,2.2883368106894255,Iris-virginica
5.38197032094187,3.0818471432177232,2.5031821154583986,1.5788254235668873,Iris-versicolor
6.927509854879717,3.685809283011761,3.97290295649397,1.4475725109766526,Iris-versicolor
4.815365593826027,2.3845944179825205,4.679036191621538,1.4635749378498775,Iris-virginica
5.543018591312902,3.2371272561093387,5.344065746604365,1.1173375887305967,Iris-versicolor
5.798374570480727,4.0494259211936185,4.979673056348192,1.7363863481160857,Iris-versicolor
6.89224084449233,4.179690350554132,1.400332191654394,1.087017859977591,Iris-setosa
6.861771320576809,4.111505825974537,5.916356766489729,0.17614787804760282,Iris-versicolor
5.410629311698372,3.0129732650531404,3.072962627935228,1.1777198066003598,Iris-versicolor
6.839087286655715,3.1903761880558577,2.3313578067373815,1.519728085522879,Iris-versicolor
5.932839783545469,4.338110832704551,3.5316237643526858,1.0686996841847392,Iris-setosa
6.2108996972096,3.153992222708627,2.570065611733975,1.7160457414631063,Iris-versicolor
6.6202007537514245,2.295740429147486,1.6890945176593797,1.2119883543928966,Iris-versicolor
7.680911720559252,2.004681548660499,2.076783727637916,0.8810258954947461,Iris-versicolor
7.8236142265421815,3.6322690550386385,3.4618618012144133,1.717360082381807,Iris-versicolor
6.572552511503661,3.1028433830886826,3.454581141765676,0.17398290191373328,Iris-setosa
5.946384758372276,3.943901534977978,1.958415624620852,0.315131536497917,Iris-setosa
6.147142478268356,4.107169956049457,5.7805056385494025,1.0203402869015954,Iris-versicolor
7.212457499727167,2.0247198566647953,1.916572098338127,0.23744258351702435,Iris-setosa
6.420960098430973,2.6556405369525375,3.8698994820546027,1.4639356887413892,Iris-versicolor
5.627973954721331,3.961700110647227,5.474396880025753,0.790556738335653,Iris-versicolor
7.084693462702839,2.6188830518575896,2.4413196890615154,1.859332547849782,Iris-versicolor
4.659366832927344,3.2131351926992258,5.0483983057857005,1.1704360018015765,Iris-versicolor
7.034498224969511,3.737512785245177,3.7266449983376595,2.0872347419594726,Iris-versicolor
4.865867346736916,2.9309466261497086,2.434775629015117,0.29273429682861174,Iris-setosa
6.318083713360432,4.338222732529747,4.552314671142623,1.506946629017051,Iris-versicolor
7.632025437953825,2.9374379556547376,6.60769416281861,2.0624747118093407,Iris-virginica
7.757940749782847,3.695392573895528,6.809367506581349,0.9947178621569177,Iris-versicolor
6.400731009001916,3.792764055665461,5.324884231888258,0.2952476694570053,Iris-versicolor
5.092105702344348,3.6014376656905425,6.460233735117085,2.1404640038501404,Iris-virginica
6.5403610816902145,3.5983375320307287,3.3198097396160793,2.190753456277026,Iris-versicolor
6.755727473516448,2.4039673616469206,2.218242070788346,1.43546337650271,Iris-versicolor
6.883929231523186,3.6630769667596956,3.8348262502653427,2.1636579536372245,Iris-versicolor
6.166337270829461,2.4352619543422596,2.8515837447728876,0.18432907416639913,Iris-setosa
5.988288539102463,3.47571406029165,4.218201741384729,2.2201780731685865,Iris-versicolor
5.822834442625897,3.803976617312186,6.145316638618788,1.0285819848589233,Iris-versicolor
5.865116348273714,4.183819384338348,6.217952297501748,0.27039134308531665,Iris-versicolor
6.299781946547024,3.7266266596422577,5.5697311446396025,2.1632185763674157,Iris-virginica
7.360292302677739,3.801356147570525,5.42181248370026,2.348185618591567,Iris-virginica
5.174752741883369,2.0372262799377423,4.136156804212488,1.284650327740222,Iris-versicolor
5.00422846153369,4.168364484784526,2.4552280900033416,1.7875225594823496,Iris-setosa
4.696238963401656,3.6126260329018915,2.9005554295852263,1.5351722292477683,Iris-versicolor
6.300296521584512,3.8846559773453775,6.768951960372708,1.27135821586696,Iris-versicolor
5.674946857159334,2.2660138992033634,4.627870006566183,0.2848745458789651,Iris-versicolor
7.700848904829156,3.9749506669975805,2.0692311235512166,1.1047169333945872,Iris-setosa
4.349061447613071,3.7312190810020223,6.46323311756056,1.119695531866264,Iris-versicolor
7.44231516141984,3.2629745243172197,6.614949031711019,1.4780394936542003,Iris-virginica
7.779876958182344,4.149227597953384,5.269790697985738,1.775055124859906,Iris-versicolor
6.836438382777604,2.6957754627131862,2.5741132048096853,0.8936491198141159,Iris-versicolor
5.5945650893088175,2.874857329234154,6.7156423178105555,0.8364911962753702,Iris-versicolor
7.589192512455382,3.434472553377873,6.882697277955468,0.9853762650692224,Iris-versicolor
7.77481187167859,3.6151028971852117,5.273146799367773,0.39794558881909803,Iris-versicolor
6.053665314467776,4.0281842726495185,6.720635764934635,1.6702675702238845,Iris-versicolor
7.089218966061466,4.041906951170098,3.7273408394431398,1.8093375304714419,Iris-versicolor
7.311438286897392,2.2608766905299214,5.926578983699479,1.1299701566232228,Iris-virginica
4.99403587509904,3.061917618792969,6.6064813870419785,2.2191190146565454,Iris-virginica
5.683913464032397,4.3483469014191165,5.5432777820562515,0.6937235509631703,Iris-versicolor
7.786384798997313,2.519353536690897,5.509749638015282,1.191860149531729,Iris-virginica
4.681200598122603,2.718503361476785,4.1916766988122065,1.5149960729196104,Iris-versicolor
7.366244729633738,3.1688004193617227,6.757623463801526,2.3636402514249557,Iris-virginica
7.037310845589115,3.1051916635301016,3.51511607952662,0.49967067305751733,Iris-versicolor
7.8373608250323725,2.984397050971268,3.232427411849824,1.5485313069247628,Iris-versicolor
7.793687964559529,3.0823421371575956,4.80341744352951,2.0471522951728374,Iris-virginica
6.9984124285674785,3.9292665649581275,3.677472988888512,0.7107707813230629,Iris-setosa
4.8762418387138196,2.4480853494410275,4.591848595057088,0.9465507374427135,Iris-versicolor
7.071499716403148,4.14113135925577,1.7230966880380136,0.49818586650336627,Iris-setosa
6.840195962926321,2.1026818778810106,6.29896834795527,2.318801926233471,Iris-virginica
5.32064475106845,4.121162731164085,1.3614072788481952,2.4063065632981897,Iris-setosa
4.588284104484255,3.6828971987840706,1.0819867855638563,0.12155800648515536,Iris-setosa
6.584680063380674,4.078806085856719,1.4663602228922974,1.4529103340529257,Iris-setosa
6.972348907296428,3.668852742857424,4.174526124625991,2.268692267076777,Iris-versicolor
6.924475078942992,4.268338596448544,4.7122115239483,0.24976088386033402,Iris-setosa
5.273572604078458,4.012679658811923,5.247491347362014,2.4774865541830255,Iris-virginica
4.722611127817788,2.0804060629327186,4.1576233752030305,2.3440685136640345,Iris-virginica
6.909047883804216,2.840070961084385,6.895864734839714,0.38346405155980645,Iris-versicolor
5.585434684989962,3.910861256432578,1.6008666332793753,1.6097937593955205,Iris-setosa
5.05195336329161,2.657194779807396,2.901333496322165,1.6323625943741236,Iris-versicolor
6.159592738236996,3.714893839364964,3.9044376680457513,1.2343648111604213,Iris-versicolor
4.740705234235067,2.1553731321942315,5.349249658191824,0.22858908328315025,Iris-versicolor
7.635702978210307,3.004182795303988,1.1069237285905802,0.5728075262258179,Iris-setosa
6.644317263224513,2.974225907415987,5.548268214385652,0.18425767797292292,Iris-versicolor
5.029110593437332,4.209287271104378,1.5218356137482183,2.2180199275490695,Iris-setosa
4.586941005834457,2.5532608920147553,6.119732723423898,2.0576675237534015,Iris-virginica
5.394284561244888,2.363293126514425,2.5435350327406367,2.0778869026312474,Iris-versicolor
5.059217765684299,2.789479184490087,1.8611634684106044,2.4236829474044037,Iris-versicolor
7.481230221342642,2.1211098009117904,3.8465918977393567,0.7573982195644176,Iris-versicolor
5.050367486302974,4.310979580693171,1.2917019139019845,1.5650998156650333,Iris-setosa
4.425174421537475,3.3225790792088876,5.255430945072282,1.888431634568475,Iris-virginica
5.234665350746143,2.220052192085406,3.422524641740429,1.7099754494696475,Iris-virginica
4.454711715177179,2.475993129245246,1.9084968693259015,1.0501373342111693,Iris-setosa
5.952239627648087,4.368194701967127,3.835405738599513,2.0335733484930567,Iris-versicolor
7.702744977151411,3.8831543295960813,6.22351841714104,1.6217329736708699,Iris-versicolor
6.628835918175028,3.254372646726508,3.0325091678879326,0.6229074571029382,Iris-setosa
5.16155324525386,2.849830417865933,4.647844631761549,2.4216223599243234,Iris-virginica
4.879907393128624,2.994560879503661,5.612729595570579,0.7479075310710726,Iris-versicolor
5.845661753177996,3.5290574592696258,2.2733992768777727,0.22705099928087452,Iris-setosa
5.168848011455205,2.4667664611875626,1.5698023685802456,1.41730596361447,Iris-versicolor
6.142188633705994,4.207980832726992,5.253140262616347,0.40524316887426026,Iris-setosa
7.399366751211174,4.262726649423326,1.1539087064623847,1.225524130340997,Iris-setosa
4.880030465247746,4.025205293328928,5.73949366566369,2.3122866797748522,Iris-virginica
5.356040663975423,2.576373190830568,6.6194477903006215,1.123389450930434,Iris-virginica
6.1297899165912195,2.6616748945003454,5.807520876835348,0.39184100775581865,Iris-versicolor
6.8768934532529915,2.5724326167466467,1.457010986314074,1.6150311177841497,Iris-versicolor
5.663118999833866,2.724889434085904,2.1448928842007953,1.1739818562139022,Iris-versicolor
4.823771356814565,2.2887368597834032,2.9272999830499877,0.932449138256383,Iris-versicolor
7.054232774485049,2.8785733034030923,5.363237312210061,0.828799903801904,Iris-versicolor
5.886130753801002,3.54067340361689,1.572649313406681,1.5831916440319216,Iris-setosa
5.706423448159157,4.331762458735012,4.795223493165075,1.1185645417328214,Iris-versicolor
5.778657556896152,2.0204649840792945,2.7033561746182446,0.5598465649708234,Iris-versicolor
6.105596055373882,2.194417443562483,2.489157654627644,0.9295500945622331,Iris-versicolor
7.741663214026513,3.479422321499725,2.4129585583073943,0.5301013216599113,Iris-setosa
4.926945668319236,2.1925639295542454,5.474843761799011,1.7234678023933265,Iris-virginica
5.5475732544121925,3.9399188553744704,5.779653918497317,0.135907006246744,Iris-versicolor
7.1336434553654975,4.007691138097579,2.704860449570875,0.9548877525069379,Iris-setosa
6.918462595851098,4.374809710901321,1.993834108725533,0.14233474379277666,Iris-setosa
7.327227302035336,3.8881362556737713,3.9494733702326603,1.1076121619950003,Iris-versicolor
6.373591879799173,2.2218215290885457,4.416986291360566,2.2105861244593576,Iris-virginica
7.272916891500821,2.0852493776663663,5.1702752441429025,2.0343539774045367,Iris-virginica
7.854838846392419,4.20866665668405,1.5034681452745418,2.434137864229938,Iris-versicolor
5.322113840538953,2.675787827983664,5.923887367363667,0.48836989746437776,Iris-versicolor
7.032891907428434,3.5667538870349196,1.7205761264637025,0.3894250356669714,Iris-setosa
7.144495251392495,3.6947101754873803,3.939018121070353,0.608057583222754,Iris-setosa
4.705794549207561,4.198882011149953,2.417222932739171,0.9834714624368326,Iris-setosa
7.788534244132919,2.502202174926011,2.5433642725813734,2.067380347768533,Iris-versicolor
5.337970168049912,3.3609654363537933,6.524145419903093,1.5122388934756275,Iris-virginica
4.925335433707772,2.3156915400349134,5.6249410366635,0.4953464023734072,Iris-versicolor
6.219891407097066,2.503854039496872,5.299788163888833,1.1415097633980387,Iris-versicolor
4.310441187906734,2.1293460599238156,2.079815013402147,2.2027735969544118,Iris-versicolor
4.66924495799692,2.8623377993554953,1.453242856411392,0.4351316523206623,Iris-setosa
7.8324113085709515,2.9507205121295854,1.3920962022341536,1.6797217357159184,Iris-versicolor
6.517403697909661,2.025233156088898,2.1215173590042387,2.4565899850144417,Iris-virginica
5.0810031149845525,3.4408551609130704,4.079780646825522,1.1787251251289863,Iris-versicolor
4.448887002082707,3.8569984631886642,5.164577987818544,0.7456514948928149,Iris-versicolor
4.667722142237183,3.133487998215956,1.303652165395493,1.3417855766440923,Iris-setosa
6.497099384109038,3.567827069516373,2.108528139936968,1.4187974572326154,Iris-setosa
5.747070457464696,3.941191169099194,3.6422081276845937,1.4728655193887363,Iris-versicolor
7.289826212235157,3.599052326742598,4.522466075304266,0.3944367692170624,Iris-versicolor
4.884244446217687,2.8084203814073705,5.392516400881625,2.454587708075335,Iris-virginica
6.9135854929235485,2.568541998513462,1.4370941436562505,0.47969111798525355,Iris-setosa
6.782702528158028,2.693607479554391,5.275858053029628,0.6339679630290732,Iris-versicolor
7.318310515524811,2.9770848828834184,2.8836165202057527,2.2767276306742783,Iris-versicolor
6.440096924249033,4.042813858461308,5.631482872444158,2.1097296109809833,Iris-versicolor
5.002948500506613,2.55717601087699,2.1666182206663755,2.2047847562363474,Iris-versicolor
6.0253000054257715,2.1766794399275677,2.426390577668567,2.0517515983914643,Iris-versicolor
6.168519745786867,2.0753374553030266,2.545257816454072,1.5039928397308062,Iris-versicolor
6.47824067005071,2.6918460430496367,1.0973905883554402,2.4337280100195104,Iris-versicolor
5.828263585511071,3.100553242811215,1.5428903769147735,0.46575338857530935,Iris-setosa
7.5045717920134845,2.6032163873491663,6.032532427976349,0.46870499275565636,Iris-versicolor
5.165140113428049,3.512541952708573,1.6153547949825766,0.5180390194289698,Iris-setosa
7.122174066881584,4.112653235423806,5.69060987188817,1.3377647292340094,Iris-versicolor
5.7587137921366995,3.7513450581534475,3.2938537466546505,1.386192027530217,Iris-versicolor
5.605653563458562,3.3248249190690777,3.5229003616301706,1.4360846464398611,Iris-versicolor
6.479204582490409,3.8902227710883173,3.882433949154304,2.3089197192447903,Iris-versicolor
5.4588812266237605,2.0623572849070886,6.501188834085685,1.7720885697660704,Iris-virginica
4.808629263427397,3.2059012920009984,5.829248041659254,0.6860736035371442,Iris-versicolor
5.928870270187047,3.8219034010367015,6.7711831989957885,1.641577401065469,Iris-virginica
4.312591570087692,3.24678560246522,4.459091174850251,0.2796482276481174,Iris-setosa
4.882673517962488,3.118912599986228,3.692356780894913,0.5903350831775708,Iris-setosa
4.850927174638798,4.0346833485219875,1.329437980804205,1.2077388151617818,Iris-setosa
4.769695859582679,2.118664169936914,3.387329953856968,0.15395604099946797,Iris-versicolor
4.5977823519456695,2.1220714741025772,1.8930096510747383,0.9539918281441938,Iris-setosa
5.171959576838318,3.222966849873108,3.9001892000189464,0.14980052100181274,Iris-setosa
7.678192653178002,3.300436562100482,4.169071993922566,0.7880651419042706,Iris-versicolor
6.05549697221386,4.335300555336257,1.7045904413716517,1.7179607662902565,Iris-setosa
7.544896243065921,4.314711416531562,4.1323152953534015,1.99797964885977,Iris-versicolor
6.73823551649987,2.9646130898214933,4.328503384131098,1.3788603050531683,Iris-versicolor
7.620150836157919,3.9061226095128756,6.782219212103582,1.8582498868235142,Iris-virginica
4.843205703210711,3.6932801904633865,1.0647826490412433,1.1652260896819555,Iris-setosa
6.983864875518984,3.314482602974034,6.528154975017904,1.2000518865836154,Iris-versicolor
6.7564107088456495,4.13552416996168,2.5180850741178,2.3724746907911283,Iris-versicolor
4.529903214817929,3.2997615822507678,2.3548426720804834,1.7032559936511278,Iris-versicolor
5.886643938448437,3.697837517745655,1.0669678874672464,0.34258432604507955,Iris-setosa
5.589318811134996,2.6160594385821154,1.5874902820142194,0.5696811881089368,Iris-setosa
6.108348542430363,3.1305916682840325,1.6634930485002393,0.5240304657836339,Iris-setosa
6.332897538860772,3.0994072535726733,5.808275453369126,1.153116267942342,Iris-versicolor
6.844082145754649,3.6470900351344957,4.59433841728399,2.4569591505049555,Iris-virginica
7.5404113513569815,2.2006964898922243,6.520539911792169,0.39191011273912846,Iris-versicolor
6.256978734816864,4.0528178823587115,5.318785013543452,2.3411273194983715,Iris-virginica
6.388875275728681,2.5455867463410713,4.866732867346487,2.445753783893883,Iris-virginica
6.674687630291066,2.5638913561828915,1.2497390635585457,0.4583422238481537,Iris-setosa
5.27920790027961,2.0240030694479647,5.3102770857657315,1.9032789347034011,Iris-virginica
6.563718557896479,3.473816103653209,5.929333745249057,2.372088011899481,Iris-virginica
6.350960165263253,3.069017526060961,2.2780559110018963,0.5559343646070511,Iris-setosa
7.336525739632979,2.4906997146267758,5.858006366816491,0.4861284678392592,Iris-versicolor
7.715944813316873,2.867559662943533,3.8477434087653504,0.8973808015010668,Iris-versicolor
7.444850931095929,4.109014351573666,2.2155929186520575,1.4404648683132877,Iris-setosa
6.196112920142864,2.0527133588503257,1.4653247763947992,1.9298754777707976,Iris-versicolor
4.955252116927907,2.3210554393320413,5.232254132825783,0.8383218867198304,Iris-versicolor
5.937490888744907,3.7651914762848833,3.565274581745293,2.433042926699538,Iris-versicolor
7.661862619481983,3.65566145512717,5.325503977445568,0.5239057035709108,Iris-versicolor
6.469703702241677,2.569987147318054,5.7383604398881225,2.075483743467582,Iris-virginica
7.393961445330575,2.330049669047636,3.558136733232638,1.2614134625881874,Iris-versicolor
5.687202059293535,3.2722283498035707,1.9347875999681174,1.1775924551174444,Iris-setosa
6.846769380173468,3.1507270695160234,3.2466806793010097,1.584767408052843,Iris-versicolor
5.250320022688622,2.6536190413232505,4.150511656025666,1.0198816256613275,Iris-versicolor
5.004024233879462,3.6659842928655606,5.086462290806904,1.3477044027583942,Iris-versicolor
6.248192647440424,3.4775971771818313,3.518727474913242,2.3084035342495404,Iris-versicolor
4.83711827021017,3.637678515237038,3.4067968624455567,2.038684943617356,Iris-versicolor
7.367675157609847,2.195434136981766,6.2324250021459315,2.272899970697395,Iris-virginica
5.883274962026499,2.2662352524489915,3.015147965224838,0.45036762676229725,Iris-versicolor
5.6790233165499835,2.535444090290904,4.019118625609142,0.20327801963695585,Iris-versicolor
7.23094342436605,4.333644715846058,4.8398058819657415,0.10543190919368835,Iris-setosa
6.770155406836356,2.738957444368005,5.46166007025201,1.9353488569797728,Iris-virginica
5.464726847258762,3.0963310607894687,4.381830312521395,0.17763776698019307,Iris-setosa
5.390228745507942,4.398661020274072,3.669584513551589,2.1336506518762617,Iris-versicolor
5.344652982253661,3.9650259871630364,2.4982118224303,1.0431876092882268,Iris-setosa
4.5169999235446205,4.38211604433957,1.087165748674582,1.1961060813915372,Iris-setosa
6.258117818184779,4.215304399701905,1.5223455375543975,0.6344867479334131,Iris-setosa
7.400447009845815,3.329107882985209,4.600252988165376,2.048450856484812,Iris-virginica
5.3805876442223415,3.679274742928123,5.391747979144395,0.5701195165890864,Iris-versicolor
4.388328024708277,4.2121066032402705,3.6687443544860585,1.462370249023275,Iris-setosa
6.6947942959867195,2.5606241859366596,2.907240867841633,0.29346884471545404,Iris-setosa
5.08854538511305,2.404595941548005,5.21708046546441,1.5814209182395125,Iris-virginica
6.3624725157120725,2.963108721800896,4.407149325852173,1.1803176563438118,Iris-versicolor
7.099349238720239,2.6208903135317527,4.32304776505737,1.9645439521264196,Iris-virginica
4.877653627660457,3.0202430234467,6.8574626269799035,1.2750829432271116,Iris-virginica
6.092507449944996,2.702547233073822,5.174122549962932,0.4372654409303369,Iris-versicolor
6.948777839986612,2.9587785086898286,1.5336223962165818,0.6599353202875883,Iris-setosa
7.896189547461792,3.948854850744336,1.206713634939304,1.7002879749632238,Iris-setosa
7.169916793132973,2.614105355530306,2.183001505512748,2.3410970138097316,Iris-versicolor
6.529713272305177,4.086813508504727,6.371700500923901,1.6655937628649353,Iris-versicolor
5.7552741449883715,2.630952980891886,2.0840638796444644,1.2868034125049965,Iris-versicolor
6.201954131902949,3.732604443068306,6.436022411918879,0.636232812761572,Iris-versicolor
6.662333376637122,4.245427232863705,6.066744763630384,1.7689293951269711,Iris-versicolor
6.931048170393881,2.283470883251699,2.119632967140121,1.0651753251905127,Iris-versicolor
7.431569916868711,2.0223569948705418,2.8515393005839655,2.246981226190512,Iris-virginica
5.524583841899746,4.168692919423435,4.358973128664134,0.36920173664404154,Iris-setosa
4.340579356665464,3.5911548520243146,6.562856979275502,1.265270494024001,Iris-versicolor
7.744650276481476,2.4011968297422652,4.861503053130065,1.1847831908249205,Iris-virginica
6.795545293761779,3.014567418312465,3.1480819855416193,1.5573599312287731,Iris-versicolor
6.847847736301931,2.2205754895943866,4.559729336905576,0.8535893054805631,Iris-versicolor
4.916963628920998,2.2952469888066633,2.0279602904984086,2.2514149462609367,Iris-versicolor
4.5886401655638345,2.8402324712795486,3.7489600071651092,2.4830747605453225,Iris-virginica
6.835652223770069,3.914751914434635,5.35773700681673,1.3151445078208825,Iris-versicolor
6.694120582747004,2.131935088438321,1.0656976280446733,2.2160818515166736,Iris-versicolor
5.006632680551059,2.7087445348897523,1.9187620057531556,1.9512050559038028,Iris-versicolor
7.046155540046885,3.6738666357767857,2.280749234428805,1.8651103702692988,Iris-versicolor
5.037758134528868,4.288421854541035,6.257887141435464,1.2120957617334434,Iris-versicolor
4.924549737924481,3.19266902898336,5.3858053333871965,2.2045952965184648,Iris-virginica
6.702980450423906,2.5233479756069506,6.406487351557574,2.4911303639041025,Iris-virginica
5.05400827484952,3.5339519666557755,3.877634474295479,1.6522161805175055,Iris-versicolor
4.772397733891263,2.3870200497479126,3.755505283785853,1.1629423015745226,Iris-versicolor
5.955860311715219,3.5859301537651964,1.8647290747243985,0.9406527971048044,Iris-setosa
7.324608579013921,4.2665349471915235,1.9045413258301673,1.6354099898410188,Iris-setosa
4.366707226568954,4.255584710476922,2.585307335198002,1.6823875277212732,Iris-setosa
5.1411480075103455,3.71718988036926,6.645850824608629,0.7486783282293374,Iris-versicolor
4.90765471474794,2.692163351579388,2.2141459935189856,0.8890152589478673,Iris-setosa
6.8849031362336675,2.2965347671719814,3.8779214835075555,1.1251423479868874,Iris-versicolor
4.776100910904108,2.6343373457671952,3.14584874782875,1.3045135822141998,Iris-versicolor
4.398183475201886,2.4001719324018613,4.045876301665,0.4840642380857284,Iris-versicolor
5.057169074590715,4.379322233689736,1.1347456953325954,1.6670634220860148,Iris-setosa
6.967606944770914,2.463741122007941,4.896101004051499,2.0391083120416487,Iris-virginica
6.31581609465126,4.02559859495503,6.849467733786107,1.818980147184987,Iris-virginica
5.231413496148,3.1089893288508685,1.9221271507598847,0.5399898526570789,Iris-setosa
4.510187468016669,2.7588356873329665,3.4313977207737203,1.0957259083492312,Iris-versicolor
6.136044017417361,3.4725770948508217,1.5542117970627776,2.4349026407277696,Iris-versicolor
7.73838781456232,3.518503310071176,1.1648715838976047,0.6789356774505947,Iris-setosa
7.202011407325262,2.6325949296354123,6.716692917226974,0.3013575525762805,Iris-versicolor
5.738041435960772,2.0734331742046455,3.619519458917002,2.3735807346409836,Iris-virginica
6.130505565953208,2.7680919133417516,3.7888550421168623,1.4833960266214108,Iris-versicolor
6.032144742298835,2.949204193228387,3.6412863068007337,2.44620961007593,Iris-virginica
7.316590445516384,3.6343231855752607,3.198396698601239,0.8124047462688495,Iris-setosa
7.593988464294894,2.3650282227014534,6.36827039654583,2.233249857026608,Iris-virginica
5.312896990129397,2.5837163061583044,5.402275065235782,0.8232878209872748,Iris-versicolor
7.847314592994019,2.0157429546799794,6.887534820152472,0.47289055581826456,Iris-virginica
6.466036380855227,4.023833507941595,6.8182905209422335,1.2236488109315187,Iris-versicolor
6.089924759904578,2.5112999645290115,6.260333989155919,1.327561118923006,Iris-virginica
6.545926415631451,3.431831993222915,4.321750025675748,2.225312211853927,Iris-virginica
6.568545300297275,2.13687732747104,2.9937391586639057,0.8215321374813738,Iris-versicolor
6.453844418841188,2.852018476524361,5.804663212026427,0.45816344976924517,Iris-versicolor
7.272976483546521,4.360796010153331,1.5707538742466298,2.045694047155798,Iris-setosa
5.564089526453141,2.8140979879970676,6.674868259978169,1.9864173692774247,Iris-virginica
6.229589437653658,2.933580710976214,2.5747518824742914,1.273900886829854,Iris-versicolor
6.074735826928366,2.890179981829645,5.847279498473069,2.2725901466102907,Iris-virginica
7.657968525752134,3.8085477126155642,5.899457646896266,1.8952019103654536,Iris-virginica
5.58047786876673,3.0856700021150054,5.7305378575485095,0.6964259371018136,Iris-versicolor
5.520914504965898,2.1458003220690136,3.489341397559144,2.483874878081775,Iris-virginica
6.584393542910407,2.5321501796890074,2.6609763196379133,0.6198893775164841,Iris-versicolor
7.609993964962893,2.434198328759533,2.9105820223868246,0.8223511911802291,Iris-versicolor
5.049462933768162,4.191360378839027,6.372772430845706,0.3450490126280624,Iris-versicolor
6.886758347907649,3.20654819900747,1.6136135803324525,1.95129461985513,Iris-versicolor
6.476309231553989,2.907821295091966,1.2936016635219953,2.258705591759975,Iris-versicolor
5.379930665405844,3.238934056012404,4.172406922439268,0.19888076848446784,Iris-setosa
6.686206288164096,2.907512288061915,1.3268571236343738,1.1484272467135967,Iris-setosa
6.008550733085327,3.2547817953014277,1.9847124721964533,2.3820360942645107,Iris-versicolor
5.497169170843726,3.583791892042896,6.710363310046844,2.428677769269038,Iris-virginica
7.8939183212212445,2.431607172418268,6.388162625829433,2.4604788512645444,Iris-virginica
4.4687100698619915,3.1232125628031238,2.6949851290029527,1.9968298636936586,Iris-versicolor
4.599385976685894,3.2880055343221604,4.698687928970258,1.7669151594608088,Iris-versicolor
6.53947663144408,2.755045793657493,6.163805962088908,2.2114568055437998,Iris-virginica
4.662206534184396,4.182454732511195,2.1654692422882045,2.46269121682127,Iris-versicolor
6.4619448764895,2.0297400812516653,6.282571074264714,0.10904771342164149,Iris-versicolor
6.812926680785758,4.2329309463020905,6.617174778147705,0.3130596758256165,Iris-versicolor
5.244223908317732,4.2073594923862085,3.5712580097369613,1.5610127136395524,Iris-versicolor
6.135667438940793,3.5294996531420724,2.5657157017099586,1.1498924062370306,Iris-setosa
5.357385912077185,4.322692235660682,4.899404208080556,1.4962918847150248,Iris-versicolor
6.613991091054094,3.5356970777523484,3.611176510680685,0.4182837135001992,Iris-setosa
7.291346528362942,2.626130191429599,3.126884391772646,1.1865022400126974,Iris-versicolor
6.613812357437425,3.7731392463068616,4.933582583629076,0.4233471367111987,Iris-versicolor
4.837529909173172,4.326291984303059,6.393840663662892,1.378726281471023,Iris-versicolor
5.576125187675818,3.4210400371933636,6.031979834439437,0.6094980260338931,Iris-versicolor
4.774024411095239,2.1715046938311153,2.4989968707404246,0.2294552073523671,Iris-setosa
7.385668344816075,2.4977462576130036,1.0750693174113186,0.30365180537084324,Iris-setosa
5.601871184686802,3.672707779872244,1.683347249127495,0.5817065355559362,Iris-setosa
6.8492140465654145,2.25281463312113,4.22762421839762,1.913891626774081,Iris-virginica
4.88737520990552,4.369479820797692,1.8784260686032113,1.3259672895858317,Iris-setosa
5.574237038873234,3.460413244284166,4.803619789859675,1.443262753626773,Iris-versicolor
5.725137316650675,3.1456544901336962,3.3318070746743906,0.37952431195520475,Iris-setosa
4.4957112341550225,2.7643790048123367,5.053757122857815,1.7817491517661712,Iris-virginica
4.918146145715891,3.8827255615924523,2.4193088540747714,2.1997501646024133,Iris-versicolor
6.859383115185505,4.184648542253186,4.888297629475931,2.019709310326318,Iris-versicolor
7.001071029197026,2.241586890078668,6.5739764313778215,2.0742596526475507,Iris-virginica
5.39306988282733,3.0493372956320206,3.1090965827385073,0.1303718985991999,Iris-setosa
6.508852116758529,4.374254176620351,1.7143916112389688,1.9880684137952063,Iris-setosa
4.488721559541355,4.169949483520519,1.578743315718122,1.06309336757926,Iris-setosa
6.886703669694764,2.3962450777374062,6.856170958890012,1.6318780136101492,Iris-virginica
7.577656304277372,2.414792977175414,5.592615017864036,0.1646296495146385,Iris-versicolor
4.666222014710114,3.9241397511678104,1.8380096390077778,1.6503375690264945,Iris-setosa
5.145284229408202,4.28593029821207,3.790236079649823,1.6336582724957045,Iris-versicolor
7.427769187994492,3.9775441169112002,1.9226948951863796,0.3749259246124509,Iris-setosa
5.5932050113155345,3.0431032087173033,3.4028240161726964,0.5645441136375928,Iris-setosa
5.087549243714571,3.189221387507274,4.603266815725027,1.0682131556452086,Iris-versicolor
7.818649460235061,3.3153027016587435,2.172637594162461,1.4629756042556552,Iris-versicolor
6.372172280935641,4.328598369401284,4.548512731677248,2.1894937711420916,Iris-versicolor
7.792240832154068,3.988155995379697,5.656941204480316,0.8026705746189136,Iris-versicolor
5.651300093305884,2.013201225830536,5.676283814088858,1.2992759282593653,Iris-virginica
5.569215738189822,2.6553170193535527,6.473104012709335,1.2130028155041086,Iris-virginica
4.8164172251538915,3.5128018667784513,3.3465763538520004,2.167431673322899,Iris-versicolor
7.348461274240011,2.2427547512030426,3.8353877996989953,1.3459276589414062,Iris-versicolor
7.624937780626686,3.5125541209846585,1.4608394100484474,0.25021571156923283,Iris-setosa
6.513795635630839,2.3100310270832134,4.348879601516923,0.4519883917433136,Iris-versicolor
4.931089366924275,3.812832358140888,2.313728373977409,0.6077628602179095,Iris-setosa
6.767454740889113,4.013694633195151,6.113075687397649,1.1465468710810593,Iris-versicolor
5.952189728077185,3.972603224437338,4.132733479598931,1.9766267862455487,Iris-versicolor
6.03267864184372,2.686824465508182,2.536271336176101,1.4470790346020739,Iris-versicolor
5.184534309697607,3.058564303829753,5.369271023318118,1.1195311715055587,Iris-versicolor
5.46436420943903,4.3485231810904335,5.383130402288605,1.9036389198635844,Iris-versicolor
5.641677392127388,3.9690067681890815,2.4954610894925393,1.5499162716186181,Iris-setosa
7.689857714886667,3.843074840225646,3.9747670700567115,1.302294130919687,Iris-versicolor
7.5961722828565925,4.023620326855199,5.970571389885647,0.18427244017188482,Iris-versicolor
6.399575909381467,4.213116247632727,5.274484229487483,0.9952017508475762,Iris-versicolor
7.6573789201930005,4.085120295842047,5.17755370428974,1.7915505999826755,Iris-versicolor
5.710504921803577,2.9897228049086,6.083128458342169,0.24772328791795123,Iris-versicolor
4.706024497541955,3.517588165515021,4.15825867557077,0.2652241992518447,Iris-setosa
5.974890611701753,3.082103762968946,6.863013925444883,0.8544891437225647,Iris-versicolor
5.251135399910457,3.5061773003517356,2.9696080915997913,0.625572049073028,Iris-setosa
7.077274673497257,3.1513790958449297,6.031283716572488,0.6510350923478484,Iris-versicolor
6.1198106153474985,2.9390117239070905,6.25839880093811,1.627724656850331,Iris-virginica
6.027467389405101,4.111003172867301,6.272841306494043,1.5971839111408932,Iris-versicolor
7.223095403567045,3.3586427857265764,3.21763142910466,0.4758349503931334,Iris-setosa
5.241284653187594,3.4903552692914346,2.813154740384904,0.3116302333899541,Iris-setosa
5.234739921894933,2.4635043010964788,6.52141504694638,1.8271242905342238,Iris-virginica
7.888628007506059,2.7091694215719273,5.000096214457863,0.8684895983094161,Iris-versicolor
7.407889872875497,4.397916367855629,3.724011907503321,0.5399364186281052,Iris-setosa
4.3234693737071455,2.5716228870225777,1.5745235886879887,1.2980739594093569,Iris-setosa
5.305159521059854,3.082781996053394,5.434407324539308,2.354809096413477,Iris-virginica
5.125865804268767,2.921752034886879,3.9717656648373127,0.33038256031636565,Iris-setosa
4.803431626898874,3.711829223975516,5.243629591921138,2.4822238070660374,Iris-virginica
4.54148928036439,2.66212193690525,4.981891546773612,2.306684352303201,Iris-virginica
4.775246007828644,3.2413307277485037,5.669996904785745,2.0098711337772204,Iris-virginica
7.643379251376029,3.95361810108248,6.82475093701969,2.1924132445308473,Iris-virginica
7.193287118665054,3.8664945807945292,3.5743097328298945,0.4891837698989351,Iris-setosa
5.764839991554865,3.0293805601054524,2.4355141482760856,2.3285744075541768,Iris-versicolor
4.939198725111697,2.4949867002307586,2.8261928021610125,0.3312675903362299,Iris-setosa
4.4076736998504025,2.6851815024172048,5.026943941396428,0.3863955782945032,Iris-versicolor
5.7394684206803035,3.6113238587825185,6.6320081848728725,1.0969803098332884,Iris-versicolor
6.901929193287357,3.4128578350567915,5.326916658584478,1.816598892415202,Iris-virginica
5.030324103962109,3.591054145121831,5.23071704173923,0.5098554574776373,Iris-versicolor
4.431559289950474,3.3715636955629504,5.827831070624932,0.15768338377198932,Iris-versicolor
6.471947812338337,3.802260972936509,4.109515304179684,1.0902317545643543,Iris-versicolor
6.487388143415076,2.9014828060222086,2.749153904510483,1.3119151892763778,Iris-versicolor
4.960565006280108,4.073239176623755,4.748996053627934,0.5606324607554477,Iris-setosa
6.169752277076136,2.9746905455898576,2.0344981387136567,2.2256743674402406,Iris-versicolor
6.644328916196307,4.358968165266467,5.318507774141244,0.9612424739319438,Iris-versicolor
5.678964120536047,2.629157075576779,1.8016953928286665,2.1936864271991547,Iris-versicolor
6.409272397642029,2.835820786851679,2.6725940085494053,1.7847313960725424,Iris-versicolor
6.605977311540155,3.770456169088228,5.783642463222068,0.3884029725748116,Iris-versicolor
7.285910648217579,4.023196933819242,1.7513913115530833,1.0185661005397242,Iris-setosa
4.447959942742879,3.4605609593481543,6.5424985221210665,0.20328315193586466,Iris-versicolor
7.016604831839514,2.254960748836626,1.6341771391028481,1.7310256605481373,Iris-versicolor
4.831807858631213,2.142076978254951,4.120842728629119,2.181143303778735,Iris-virginica
7.359415849871069,2.8783239641371594,6.762039319884904,1.8814132833831423,Iris-virginica
4.816019615464345,2.082616975632961,2.9233486820865693,0.37671697946121685,Iris-versicolor
4.971570389879044,2.1604222127853716,4.205733148471824,2.2027594693966503,Iris-virginica
5.364972969161723,2.1332511895421478,5.698490021684768,1.5470482686604103,Iris-virginica
7.213955833180657,3.1026115418130438,5.663055921570411,1.2439716647353358,Iris-versicolor
6.377645043930947,4.108843566783127,5.982790930232459,0.8771664108731424,Iris-versicolor
5.7995589490687465,2.6104127988911845,5.410859169508529,0.23714086666194562,Iris-versicolor
6.054447456979678,2.137946988347744,3.1298077306604135,2.450081901626557,Iris-virginica
5.970316842254178,3.8525959204358653,4.933622456534922,2.0689763791017604,Iris-versicolor
5.807486687187742,2.8340398765834607,5.578555428671873,0.6977665813967909,Iris-versicolor
5.810161484672896,3.0552768757851023,3.5372307603019535,1.150655973344722,Iris-versicolor
5.764265918791446,4.261670134720832,2.630359711027351,1.60664585743885,Iris-setosa
6.34653501394926,2.838793936211585,3.463766350967991,1.1451477551374667,Iris-versicolor
4.981964088131922,3.965822100892919,1.6681399840151199,1.4231845079787877,Iris-setosa
7.028432934341273,4.24600152986004,3.088551523021439,0.8971502155250858,Iris-setosa
6.7860337965029105,3.817478551282229,5.0488139090170465,0.6015095601851486,Iris-versicolor
4.456472315104149,2.6513987532147167,4.587532411792458,2.4909061158051644,Iris-virginica
7.3721457051096975,4.157009696712595,1.1309209206152986,2.023772902427814,Iris-setosa
7.025768909380547,2.1499783423975023,5.46255062295696,1.0437698137737177,Iris-virginica
5.392273128065007,4.152369110444055,5.323626416086371,0.12131440562130164,Iris-setosa
